,date,country,GDP,quarter,ADM0_ISO,first,second,third,year
84,2013-03-31,中国,7.9,1,CHN,0.4296150366596546,0.417130761778899,0.4396391244463304,2013
85,2013-06-30,中国,7.6,2,CHN,0.4245221540594337,0.3299004601672519,0.231541764203554,2013
86,2013-09-30,中国,7.9,3,CHN,0.2168011761954878,0.4002052799538887,0.4108873218735917,2013
87,2013-12-31,中国,7.7,4,CHN,0.5526643351472379,0.515050292738875,0.5312690085821162,2013
88,2014-03-31,中国,7.5,1,CHN,0.4815875972312331,0.4432832407315728,0.3808380291248998,2014
89,2014-06-30,中国,7.6,2,CHN,0.4726666801162723,0.3444032395315322,0.1692703543306346,2014
90,2014-09-30,中国,7.2,3,CHN,0.277770375999822,0.4634723402351525,0.4261493323873669,2014
91,2014-12-31,中国,7.3,4,CHN,0.4640706645304027,0.5698587280035291,0.6299635080119292,2014
92,2015-03-31,中国,7.1,1,CHN,0.4634837137432578,0.6108314536820298,0.4247503112987236,2015
93,2015-06-30,中国,7.1,2,CHN,0.4664098043963041,0.271348959807297,0.1802464501558512,2015
94,2015-09-30,中国,7,3,CHN,0.2535331788425349,0.3735213867582751,0.3748171630931374,2015
95,2015-12-31,中国,6.9,4,CHN,0.4375838801014726,0.4524517582553682,0.5517755345178652,2015
96,2016-03-31,中国,6.9,1,CHN,0.4643073397890673,0.5583681461297927,0.4017329519681868,2016
97,2016-06-30,中国,6.8,2,CHN,0.4783176715042903,0.3534690809168693,0.203145259847749,2016
98,2016-09-30,中国,6.8,3,CHN,0.2948810386710299,0.4327073672540124,0.4079866485146449,2016
99,2016-12-31,中国,6.9,4,CHN,0.4871879795801671,0.4622903445115497,0.5580041400401741,2016
100,2017-03-31,中国,7,1,CHN,0.6122312984284305,0.5902063913071377,0.5591530609658445,2017
101,2017-06-30,中国,7,2,CHN,0.5822951213542482,0.4913497258546651,0.265349208221232,2017
102,2017-09-30,中国,6.9,3,CHN,0.4123996068576672,0.6139697430642763,0.6200126748317255,2017
103,2017-12-31,中国,6.8,4,CHN,0.7456840721360529,0.6751056238037028,0.567747773135911,2017
104,2018-03-31,中国,6.9,1,CHN,0.6163591894984888,0.6666741848591271,0.6026738934528244,2018
105,2018-06-30,中国,6.9,2,CHN,0.2513505718635937,0.1843750060507531,0.2908224992107806,2018
106,2018-09-30,中国,6.7,3,CHN,0.3742338283258133,0.5272707677530191,0.5704352682950156,2018
107,2018-12-31,中国,6.5,4,CHN,0.6889101613534554,0.7047006190140271,0.5673478602478169,2018
108,2019-03-31,中国,6.3,1,CHN,0.563473755570526,0.6324669733819605,0.674957471669279,2019
109,2019-06-30,中国,6,2,CHN,0.5990129299572085,0.5244975202135501,0.34270438658563,2019
110,2019-09-30,中国,5.9,3,CHN,0.4027255806090972,0.5806314785369275,0.6490799458611577,2019
111,2019-12-31,中国,5.8,4,CHN,0.7757281519485413,0.7212246394719247,0.7196362186304743,2019
112,2020-03-31,中国,-6.9,1,CHN,0.6490702847373191,0.6981810911968059,0.6495610373669167,2020
113,2020-06-30,中国,3.1,2,CHN,0.7159309733053364,0.5031475129697515,0.3251220766498507,2020
114,2020-09-30,中国,4.8,3,CHN,0.4774566900239304,0.6679837715533719,0.6560947370311763,2020
115,2020-12-31,中国,6.4,4,CHN,0.7830663615252474,0.7901516471405965,0.7701576986944276,2020
116,2021-03-31,中国,18.7,1,CHN,0.3352738057999068,0.3437780560957147,0.2866340213863231,2021
117,2021-06-30,中国,8.3,2,CHN,0.3040801300160689,0.2492139291564839,0.1554516185362139,2021
118,2021-09-30,中国,5.2,3,CHN,0.1889955949259301,0.289290419686906,0.2961670474005815,2021
119,2021-12-31,中国,4.3,4,CHN,0.3251406346483583,0.3496849247098535,0.3697003863419447,2021
120,2022-03-31,中国,4.8,1,CHN,0.3530587168628555,0.378083300831391,0.353544883492217,2022
121,2022-06-30,中国,0.4,2,CHN,0.3605859817783155,0.2806918221076308,0.1619357564284811,2022
122,2022-09-30,中国,3.9,3,CHN,0.0545712998021903,0.2653011526233643,0.3437045843787337,2022
123,2022-12-31,中国,2.9,4,CHN,0.3468248572244334,0.3466604096704269,0.3974155562072028,2022
124,2023-03-31,中国,4.5,1,CHN,0.4235223914097497,0.3436735958188544,0.3408496717572111,2023
125,2023-06-30,中国,6.3,2,CHN,0.3344436164496029,0.2488128618644147,0.1776377505420989,2023
126,2023-09-30,中国,4.9,3,CHN,0.2204257153322669,0.335557637486356,0.3691130773408964,2023
127,2023-12-31,中国,5.2,4,CHN,0.4012763117081546,0.4295359432382954,0.412859328970383,2023
390,2013-03-31,美国,1.7009,1,USA,1.078636679045398,1.189759265291134,0.934393435415968,2013
391,2013-06-30,美国,1.5202,2,USA,0.7995567839132816,0.5220839577021675,0.2726784460866657,2013
392,2013-09-30,美国,2.237,3,USA,0.3042053623073461,0.677720717628834,0.7358514533209525,2013
393,2013-12-31,美国,3.0086,4,USA,1.237079153593154,1.163028085072402,1.256398391876443,2013
394,2014-03-31,美国,1.651,1,USA,1.512944061827454,1.302795857392378,0.9795787466607162,2014
395,2014-06-30,美国,2.6889,2,USA,0.8162570571157414,0.4883732625342528,0.2067601323430757,2014
396,2014-09-30,美国,3.0593,3,USA,0.3939786222160528,0.7236196397643533,0.75550324445323,2014
397,2014-12-31,美国,2.6859,4,USA,1.096515987231281,1.209528230761384,1.305291378920951,2014
398,2015-03-31,美国,3.969,1,USA,1.379052932339714,1.683406644698232,0.825398389700852,2015
399,2015-06-30,美国,3.2789,2,USA,0.7917209861282634,0.3376707794697694,0.1995368582055567,2015
400,2015-09-30,美国,2.4475,3,USA,0.3576735804691942,0.6971995129204793,0.7861311198611074,2015
401,2015-12-31,美国,2.12,4,USA,0.8687211269161367,1.234263643463129,1.266394276483571,2015
402,2016-03-31,美国,1.7952,1,USA,1.313320167613878,1.314130601478865,0.9538056935386474,2016
403,2016-06-30,美国,1.4934,2,USA,0.924761143561747,0.4353666725510805,0.2387472203497324,2016
404,2016-09-30,美国,1.8057,3,USA,0.4108346911807799,0.7006741354390882,0.7138119199997179,2016
405,2016-12-31,美国,2.1819,4,USA,1.203877102004248,1.092747007621615,1.132966989914745,2016
406,2017-03-31,美国,2.0872,1,USA,1.256726142667852,1.359335190617636,1.158223338780937,2017
407,2017-06-30,美国,2.3302,2,USA,0.8445292608189465,0.5425168540055638,0.2534668278647076,2017
408,2017-09-30,美国,2.4112,3,USA,0.4480939170483644,0.8060151847677545,0.8633798246795071,2017
409,2017-12-31,美国,2.9941,4,USA,1.244852558600671,1.243493684851184,1.427679164829174,2017
410,2018-03-31,美国,3.3292,1,USA,1.422238942032781,1.293992427495033,1.04417921375603,2018
411,2018-06-30,美国,3.2993,2,USA,0.0543724832540994,0.0280218882130525,0.2821417666259138,2018
412,2018-09-30,美国,3.1301,3,USA,0.3897639427421521,0.7004663136425575,0.7785019744122466,2018
413,2018-12-31,美国,2.125,4,USA,0.9757046584634868,1.311724604358601,1.293024947708021,2018
414,2019-03-31,美国,1.8514,1,USA,1.308718250954809,1.375029848214705,1.208415915083692,2019
415,2019-06-30,美国,2.1538,2,USA,0.8941323849119561,0.531977177540115,0.2882492267649482,2019
416,2019-09-30,美国,2.6701,3,USA,0.4526498795461644,0.7801915202239075,0.864365064981816,2019
417,2019-12-31,美国,3.1825,4,USA,1.266041851463595,1.185244978869674,1.229974604239416,2019
418,2020-03-31,美国,1.2265,1,USA,1.152059418601639,1.277996456014986,0.944905448495679,2020
419,2020-06-30,美国,-7.5285,2,USA,0.8740586410135672,0.4940046092248322,0.2713715017417395,2020
420,2020-09-30,美国,-1.4689,3,USA,0.450810888074811,0.798415288711657,0.8119123840058026,2020
421,2020-12-31,美国,-1.0835,4,USA,1.087521430233251,1.22964715300081,1.381701207002218,2020
422,2021-03-31,美国,1.5722,1,USA,0.0782355945857721,0.1090705446979346,0.0607081129035208,2021
423,2021-06-30,美国,11.9502,2,USA,0.0525827333321784,0.0311815598514311,0.0165988055300759,2021
424,2021-09-30,美国,4.7353,3,USA,0.0226473863078673,0.0457082013771365,0.051157055635788,2021
425,2021-12-31,美国,5.4212,4,USA,0.0553797922519606,0.075970149066787,0.0813083680499284,2021
426,2022-03-31,美国,3.5654,1,USA,0.0975564708021636,0.0980413145936709,0.0668166916620204,2022
427,2022-06-30,美国,1.871,2,USA,0.0573255947631204,0.0349606140669224,0.0196340808354619,2022
428,2022-09-30,美国,1.713,3,USA,0.0184919135100266,0.0455755072510886,0.0572337210974245,2022
429,2022-12-31,美国,0.6518,4,USA,0.0830908885928055,0.0923878712377833,0.1080723348713478,2022
430,2023-03-31,美国,1.7177,1,USA,0.0977592984817044,0.096215432787038,0.0642129530714581,2023
431,2023-06-30,美国,2.3825,2,USA,0.0554005831104681,0.0275235111497546,0.0172074813418523,2023
432,2023-09-30,美国,2.9271,3,USA,0.0277351494093391,0.0539233976396834,0.0566979913998576,2023
433,2023-12-31,美国,3.1346,4,USA,0.0714780715934912,0.0852868597570538,0.0975922337498318,2023
519,2013-03-31,德国,-0.4,1,DEU,1.438186951523116,1.610822567455823,1.503390910002443,2013
520,2013-06-30,德国,0.5,2,DEU,0.4055351400465327,0.0,0.0,2013
521,2013-09-30,德国,0.7,3,DEU,0.0,0.004859915674586,1.045621878915818,2013
522,2013-12-31,德国,1.5,4,DEU,1.203463927082213,1.126780413833614,0.9910477084951576,2013
523,2014-03-31,德国,2.9,1,DEU,1.301196417680308,1.289097765658419,1.166181632223872,2014
524,2014-06-30,德国,1.8,2,DEU,0.4185825640008903,0.0,0.0,2014
525,2014-09-30,德国,1.8,3,DEU,0.0,0.0,1.125156746511389,2014
526,2014-12-31,德国,2.3,4,DEU,1.207287247316247,1.07713186973283,1.479661201089512,2014
527,2015-03-31,德国,0.8,1,DEU,1.646735443569543,1.413230643769397,1.245172275094161,2015
528,2015-06-30,德国,1.6,2,DEU,0.0,0.0,0.0,2015
529,2015-09-30,德国,1.5,3,DEU,0.0,0.0,1.066069272181518,2015
530,2015-12-31,德国,1.1,4,DEU,1.023916917620316,1.218539840161787,1.108681768988832,2015
531,2016-03-31,德国,2.5,1,DEU,1.482696272573257,1.08406744201122,1.196773407841777,2016
532,2016-06-30,德国,2.2,2,DEU,0.4306945353765741,0.0,0.0,2016
533,2016-09-30,德国,2,3,DEU,0.0,0.0,1.153001388374268,2016
534,2016-12-31,德国,1.9,4,DEU,1.178191034532225,1.143238007759813,1.115260148248427,2016
535,2017-03-31,德国,2.3,1,DEU,1.768258645001891,1.34421428893997,1.389234041923594,2017
536,2017-06-30,德国,2.7,2,DEU,0.6627669107264061,0.0,0.0,2017
537,2017-09-30,德国,3.2,3,DEU,0.0,0.0013485046576296,1.365541373349725,2017
538,2017-12-31,德国,3.8,4,DEU,1.418807164091794,1.248905589905148,1.155433924695964,2017
539,2018-03-31,德国,1.9,1,DEU,1.298655001669503,1.57108881100674,1.514241299007527,2018
540,2018-06-30,德国,1.8,2,DEU,0.2960886580325766,0.0,0.0,2018
541,2018-09-30,德国,0.2,3,DEU,0.0,0.0,1.338157199489851,2018
542,2018-12-31,德国,0.1,4,DEU,1.474968638988149,1.439460571809217,1.194700591100792,2018
543,2019-03-31,德国,1.4,1,DEU,1.460153114125532,1.54166376201626,1.299728317040979,2019
544,2019-06-30,德国,0.6,2,DEU,0.729252919423489,0.0,0.0,2019
545,2019-09-30,德国,1.5,3,DEU,0.0,5.342342318896857e-05,1.234038564746296,2019
546,2019-12-31,德国,0.9,4,DEU,1.376276517978509,1.296668318971508,1.32564547253198,2019
547,2020-03-31,德国,-1.5,1,DEU,1.206021850232661,1.335769996597572,1.437372280064431,2020
548,2020-06-30,德国,-10.6,2,DEU,0.3670426380050013,0.0,0.0,2020
549,2020-09-30,德国,-2.6,3,DEU,0.0,0.0,1.372300590344413,2020
550,2020-12-31,德国,-2.1,4,DEU,1.374186348200358,1.442110306981963,1.404005486660962,2020
551,2021-03-31,德国,-1.6,1,DEU,1.171694344244572,2.085260137947473,0.9010018793585172,2021
552,2021-06-30,德国,10.8,2,DEU,0.4805430174009265,0.0,0.0,2021
553,2021-09-30,德国,2.4,3,DEU,0.0,0.0,0.6944902940352985,2021
554,2021-12-31,德国,1.6,4,DEU,0.880739222880562,0.9167641764710828,0.8868451961705716,2021
555,2022-03-31,德国,4,1,DEU,0.916779528136752,0.964788396681674,1.079323272159283,2022
556,2022-06-30,德国,1.6,2,DEU,0.2510385732238179,0.0,0.0,2022
557,2022-09-30,德国,1.2,3,DEU,0.0,0.0,0.8761297936378745,2022
558,2022-12-31,德国,0.8,4,DEU,0.9135888616744094,0.8672920378092329,0.8861643331163143,2022
559,2023-03-31,德国,0.1,1,DEU,1.064787516473709,0.9525657067615224,0.9480078270715272,2023
560,2023-06-30,德国,0.2,2,DEU,0.0,0.0,0.0,2023
561,2023-09-30,德国,-0.1,3,DEU,0.0,0.0,0.9414388312747768,2023
562,2023-12-31,德国,-0.2,4,DEU,0.9145118761146016,0.8707280461820828,0.8489055067988756,2023
792,2013-03-31,日本,0,1,JPN,2.010611984540916,1.835659906461105,1.547542192320634,2013
793,2013-06-30,日本,1.8,2,JPN,1.34744217553921,1.234459680658097,0.2081887963822256,2013
794,2013-09-30,日本,3.1,3,JPN,0.927553043202844,1.232599873275962,1.318898527849359,2013
795,2013-12-31,日本,3.1,4,JPN,1.441991589308417,1.528327438714066,1.761599500345722,2013
796,2014-03-31,日本,2.9,1,JPN,1.918955136868189,1.80042649126529,1.620629740437159,2014
797,2014-06-30,日本,-0.1,2,JPN,1.52104560775306,1.262265661688261,0.1188090813216199,2014
798,2014-09-30,日本,-1.1,3,JPN,1.162336014368996,1.391338946680544,1.320807289728732,2014
799,2014-12-31,日本,-0.5,4,JPN,1.309156420287354,2.766319739168972,1.98409798605584,2014
800,2015-03-31,日本,0.3,1,JPN,1.841320857225136,1.798438811421799,1.434308343293412,2015
801,2015-06-30,日本,2.4,2,JPN,1.592204680007842,1.124045326538116,0.0652401592231567,2015
802,2015-09-30,日本,2.2,3,JPN,1.259251947808695,1.2653634599936,1.335250083439655,2015
803,2015-12-31,日本,1.5,4,JPN,1.43474083745131,1.34924844918166,1.601137785455428,2015
804,2016-03-31,日本,1,1,JPN,1.813882003415242,1.77680153504231,1.501375610602002,2016
805,2016-06-30,日本,0.5,2,JPN,1.53068477749341,1.187591934713519,0.2243617409925619,2016
806,2016-09-30,日本,0.5,3,JPN,1.099613373288739,1.286952265718632,1.25241803738097,2016
807,2016-12-31,日本,1,4,JPN,1.372002124831113,1.425848863882857,1.741163970269817,2016
808,2017-03-31,日本,1,1,JPN,2.006342889942696,1.961675823387673,1.647378848039227,2017
809,2017-06-30,日本,1.4,2,JPN,1.489213769587191,1.575211505359484,0.1455561693823828,2017
810,2017-09-30,日本,2,3,JPN,1.193852317125864,1.485140279880325,1.468281234733869,2017
811,2017-12-31,日本,2.2,4,JPN,1.637272278969248,1.773164169796143,2.005389079409944,2017
812,2018-03-31,日本,1.4,1,JPN,2.171609213189037,2.207700761269105,1.740649972538066,2018
813,2018-06-30,日本,1.3,2,JPN,0.0876876412256404,0.0803322853717545,0.1369949697220743,2018
814,2018-09-30,日本,0,3,JPN,1.122793215398926,1.51075996014426,1.354394021570431,2018
815,2018-12-31,日本,-0.1,4,JPN,1.530012034689211,1.495271550386287,1.888681216911808,2018
816,2019-03-31,日本,-0.2,1,JPN,2.012101972739497,1.923009116069212,1.708799474950269,2019
817,2019-06-30,日本,0,2,JPN,1.506056517955865,1.418100847960148,0.1641952052256923,2019
818,2019-09-30,日本,0.6,3,JPN,1.231500377793362,1.481768604874131,1.496538888457622,2019
819,2019-12-31,日本,-2,4,JPN,1.612438804159323,1.630883192559053,1.836732077222731,2019
820,2020-03-31,日本,-1.7,1,JPN,1.655005523645851,1.847738772062528,1.610925700487468,2020
821,2020-06-30,日本,-9.7,2,JPN,1.530576265601115,1.280616071685311,0.1901955315684273,2020
822,2020-09-30,日本,-5,3,JPN,0.6021676137402204,1.562767449022335,1.295766374380317,2020
823,2020-12-31,日本,-0.4,4,JPN,1.530589057571952,1.605319190442309,1.934525728652154,2020
824,2021-03-31,日本,-0.6,1,JPN,0.1293737424062234,0.1190497004157987,0.1003404783298345,2021
825,2021-06-30,日本,8,2,JPN,0.0958345997085895,0.0746948984900735,0.0129692684190764,2021
826,2021-09-30,日本,2.3,3,JPN,0.0652227503261003,0.0875797150293553,0.0788799890135582,2021
827,2021-12-31,日本,1.6,4,JPN,0.0920200861370105,0.0885915548248709,0.102802060588143,2021
828,2022-03-31,日本,0.7,1,JPN,0.1295679890072707,0.1311088744476324,0.1047739440515248,2022
829,2022-06-30,日本,1.7,2,JPN,0.0994078569182954,0.0836845129220145,0.0131800894481391,2022
830,2022-09-30,日本,1.7,3,JPN,0.0035691659246415,0.0717606038036294,0.0903580013562339,2022
831,2022-12-31,日本,0.7,4,JPN,0.0932872056708441,0.089477108826326,0.1255133894193756,2022
832,2023-03-31,日本,2.6,1,JPN,0.1374940853489499,0.1252071019913959,0.1000343486366844,2023
833,2023-06-30,日本,2.2,2,JPN,0.089171958691879,0.0735347031855619,0.0064149352175088,2023
834,2023-09-30,日本,1.5,3,JPN,0.0745416101154472,0.0915615590536949,0.0945510622452015,2023
835,2023-12-31,日本,1,4,JPN,0.0994463395609684,0.1026210184974379,0.1050884663331356,2023
900,2013-03-31,印度,4.3,1,IND,0.6922526029666466,0.6728306948693236,0.6843107041934462,2013
901,2013-06-30,印度,6.45,2,IND,0.712998807095933,0.6440688127368357,0.41429397952978,2013
902,2013-09-30,印度,7.34,3,IND,0.2507680144709875,0.3666026868463766,0.5055299682436382,2013
903,2013-12-31,印度,6.53,4,IND,0.7140833785433248,0.84802059065128,0.7458659619613376,2013
904,2014-03-31,印度,5.34,1,IND,0.6688063305411847,0.7273164891931703,0.776194720276513,2014
905,2014-06-30,印度,8.02,2,IND,0.800073643600793,0.6596828905385977,0.5329978181409267,2014
906,2014-09-30,印度,8.7,3,IND,0.5129979747526296,0.5474184790622004,0.6863273270783834,2014
907,2014-12-31,印度,5.92,4,IND,0.7662951541245716,0.9676425876878152,0.7763009137641887,2014
908,2015-03-31,印度,7.11,1,IND,0.7135669561933367,0.8702228135044274,0.8095376300868693,2015
909,2015-06-30,印度,7.59,2,IND,0.804414911304624,0.6754084188354699,0.5400891979566896,2015
910,2015-09-30,印度,8.03,3,IND,0.5140071214849847,0.551631051479678,0.6253217975310434,2015
911,2015-12-31,印度,7.2,4,IND,0.7231166499729136,0.8698561953981572,0.796358982037059,2015
912,2016-03-31,印度,9.09,1,IND,0.8509054601662771,0.8273359894523468,0.7600068460835012,2016
913,2016-06-30,印度,8.68,2,IND,0.742202123889599,0.7396676124274123,0.6226435226104229,2016
914,2016-09-30,印度,9.67,3,IND,0.4430161118625854,0.5399603153611787,0.649895478894913,2016
915,2016-12-31,印度,8.58,4,IND,0.8530260852887322,0.8294703204943719,0.8568235526380614,2016
916,2017-03-31,印度,6.29,1,IND,0.8093144358359009,0.9456726348813675,0.914149813823628,2017
917,2017-06-30,印度,6.11,2,IND,1.000801559465134,0.912097831593827,0.7930034049047544,2017
918,2017-09-30,印度,5.32,3,IND,0.6061959212433456,0.7655728618838435,0.8970683596073717,2017
919,2017-12-31,印度,6.67,4,IND,1.079729045218258,0.9665544187918624,0.8533733252488137,2017
920,2018-03-31,印度,8.93,1,IND,0.8420250898193004,0.9828990343165932,0.9748464155372026,2018
921,2018-06-30,印度,7.5,2,IND,0.3581792757719079,0.2890716803581342,0.8392567210927273,2018
922,2018-09-30,印度,6.46,3,IND,0.5091311861066957,0.6209351859068151,0.8552086834972559,2018
923,2018-12-31,印度,6.23,4,IND,0.945991698482928,1.056649920514897,0.8956878459180936,2018
924,2019-03-31,印度,5.72,1,IND,0.8843476565911575,0.9397803654208194,1.026416936578463,2019
925,2019-06-30,印度,5.1,2,IND,1.026408723699443,1.030958758479634,0.8863496093932319,2019
926,2019-09-30,印度,4.3,3,IND,0.6198044322386025,0.6564949537200361,0.651056682716565,2019
927,2019-12-31,印度,3.26,4,IND,1.034527912802946,0.905989984370871,0.8433456417866558,2019
928,2020-03-31,印度,2.94,1,IND,0.8105557744942818,1.082119421852973,1.045816783366523,2020
929,2020-06-30,印度,-23.13,2,IND,1.079458387661272,0.9597140939886954,0.8016434232075209,2020
930,2020-09-30,印度,-5.84,3,IND,0.6765340578105189,0.6310875085703698,0.7092867094980281,2020
931,2020-12-31,印度,1.78,4,IND,0.9274690612562192,1.182062098125961,1.013364793719411,2020
932,2021-03-31,印度,3.29,1,IND,0.2906739608201537,0.3419202274076739,0.3717158495386689,2021
933,2021-06-30,印度,22.63,2,IND,0.3925977138294349,0.3419199677159359,0.3040340002062505,2021
934,2021-09-30,印度,9.87,3,IND,0.2575419958577455,0.2494433122608685,0.2654070232383899,2021
935,2021-12-31,印度,5.53,4,IND,0.347829830160775,0.3829209643827081,0.3574129001212026,2021
936,2022-03-31,印度,4.45,1,IND,0.328758375285862,0.3790810012753839,0.4249158669988398,2022
937,2022-06-30,印度,12.81,2,IND,0.4045656887505064,0.4027069082857666,0.3587840358345422,2022
938,2022-09-30,印度,5.46,3,IND,0.0504543641274627,0.2697881939229682,0.3741715341333077,2022
939,2022-12-31,印度,4.26,4,IND,0.4082501995014787,0.3853649784493909,0.374950911430701,2022
940,2023-03-31,印度,6.18,1,IND,0.3640034343350435,0.4259599253138793,0.4093597387080405,2023
941,2023-06-30,印度,8.24,2,IND,0.456106774399597,0.4344351534880465,0.3829046349726263,2023
942,2023-09-30,印度,8.08,3,IND,0.2484854360451147,0.3593309887731769,0.3468539621237889,2023
943,2023-12-31,印度,8.57,4,IND,0.4324070377615603,0.4642707129687199,0.4086588557109032,2023
1173,2013-03-31,英国,0.99,1,GBR,2.151880695719259,2.163221132497997,2.317979414298451,2013
1174,2013-06-30,英国,1.86,2,GBR,0.7409304528170304,0.0,0.0,2013
1175,2013-09-30,英国,1.74,3,GBR,0.0,0.0,1.451156174385614,2013
1176,2013-12-31,英国,2.57,4,GBR,1.950107589171004,2.075488385842106,1.934428872344788,2013
1177,2014-03-31,英国,3.12,1,GBR,1.952352299403856,2.097684316843148,1.950471181229319,2014
1178,2014-06-30,英国,3.27,2,GBR,0.0187441320410386,0.0,0.0,2014
1179,2014-09-30,英国,3.19,3,GBR,0.0,0.0,2.022718322812024,2014
1180,2014-12-31,英国,3.2,4,GBR,2.017650995001192,2.326943087711821,2.177680314809691,2014
1181,2015-03-31,英国,2.66,1,GBR,2.523846337195316,2.073686637023277,2.059653911720404,2015
1182,2015-06-30,英国,2.36,2,GBR,0.0,0.0,0.0,2015
1183,2015-09-30,英国,2,3,GBR,0.0,0.0,1.534930636398849,2015
1184,2015-12-31,英国,1.87,4,GBR,1.81890404821525,1.916593724058277,1.882563230688852,2015
1185,2016-03-31,英国,1.94,1,GBR,2.058226730822084,2.079088687866496,1.881345439750133,2016
1186,2016-06-30,英国,1.91,2,GBR,0.0460203762824285,0.0,0.0,2016
1187,2016-09-30,英国,1.89,3,GBR,0.0,0.0,1.805594510766229,2016
1188,2016-12-31,英国,1.95,4,GBR,1.858164078352955,1.924848845188885,1.812785094377415,2016
1189,2017-03-31,英国,2.43,1,GBR,1.700765399593825,1.752201647055424,2.079362271396623,2017
1190,2017-06-30,英国,2.52,2,GBR,0.621782514538954,0.0,0.0,2017
1191,2017-09-30,英国,2.79,3,GBR,0.0,0.0,1.792895346972318,2017
1192,2017-12-31,英国,2.87,4,GBR,1.883105032687584,1.871413040149044,1.941734209121575,2017
1193,2018-03-31,英国,2.07,1,GBR,2.030086192756615,1.960324848539272,2.038599454884837,2018
1194,2018-06-30,英国,1.59,2,GBR,0.0,0.0,0.0,2018
1195,2018-09-30,英国,1.28,3,GBR,0.0,0.0,1.084438702348807,2018
1196,2018-12-31,英国,0.69,4,GBR,1.878410887167995,1.899621501285887,1.790525867374995,2018
1197,2019-03-31,英国,1.36,1,GBR,1.790637834968252,2.123505522143495,1.798314290113508,2019
1198,2019-06-30,英国,1.52,2,GBR,0.6119413680274332,0.0,0.0,2019
1199,2019-09-30,英国,1.92,3,GBR,0.0,0.0,1.624155998103539,2019
1200,2019-12-31,英国,1.77,4,GBR,1.816325537168166,1.664482470187473,1.698868297014059,2019
1201,2020-03-31,英国,-1.72,1,GBR,1.486619452829893,1.840126568159875,1.819884424156935,2020
1202,2020-06-30,英国,-21.94,2,GBR,0.0438804343228351,0.0,0.0,2020
1203,2020-09-30,英国,-9.51,3,GBR,0.0,0.0,1.750805005177124,2020
1204,2020-12-31,英国,-8.26,4,GBR,1.680010040116585,1.864456015674631,1.849046956750855,2020
1205,2021-03-31,英国,-6.66,1,GBR,0.4085067895160941,0.568559424860852,0.3259892761820601,2021
1206,2021-06-30,英国,25.73,2,GBR,0.0137922203179193,0.0,0.0,2021
1207,2021-09-30,英国,9.52,3,GBR,0.0,0.0,0.1225980290190605,2021
1208,2021-12-31,英国,9.69,4,GBR,0.3392661022744119,0.3805345159514262,0.308605050912702,2021
1209,2022-03-31,英国,11.42,1,GBR,0.3921136231708407,0.3749139553409266,0.4119027140722109,2022
1210,2022-06-30,英国,3.9,2,GBR,0.0111966353568155,0.0,0.0,2022
1211,2022-09-30,英国,2.07,3,GBR,0.0,0.0,0.3400715289245619,2022
1212,2022-12-31,英国,0.64,4,GBR,0.3481720331907963,0.3462585187529015,0.3388611387743936,2022
1213,2023-03-31,英国,0.29,1,GBR,0.4027700170210194,0.3576537424914829,0.3695183423680274,2023
1214,2023-06-30,英国,0.21,2,GBR,0.0,0.0,0.0,2023
1215,2023-09-30,英国,0.17,3,GBR,0.0,0.0,0.3377799736126197,2023
1216,2023-12-31,英国,-0.25,4,GBR,0.3803794553972134,0.3687023454156516,0.3646060781259463,2023
1370,2013-03-31,法国,-0.1,1,FRA,1.663391242982718,1.492261462963627,1.475919350118809,2013
1371,2013-06-30,法国,1.2,2,FRA,1.342703314341481,0.0664705878452343,0.0422727270051837,2013
1372,2013-09-30,法国,0.9,3,FRA,0.0177369123340219,0.2055259461181562,1.286063685987921,2013
1373,2013-12-31,法国,1.6,4,FRA,1.367505585811542,1.382572262343547,1.458797833566909,2013
1374,2014-03-31,法国,1.5,1,FRA,1.371144507808292,1.42073649904428,1.348968922820073,2014
1375,2014-06-30,法国,0.8,2,FRA,1.255349650626981,0.0379999992748101,0.0299999993294477,2014
1376,2014-09-30,法国,1.4,3,FRA,0.0199999995529651,0.6103161054262457,1.449246573058211,2014
1377,2014-12-31,法国,0.4,4,FRA,1.563331824955898,1.309366355058915,1.547215605256402,2014
1378,2015-03-31,法国,1,1,FRA,1.588984684764626,1.483690170893832,1.433223070956416,2015
1379,2015-06-30,法国,1,2,FRA,0.7829990620194939,0.0376923072796601,0.0199999995529651,2015
1380,2015-09-30,法国,0.7,3,FRA,0.0512499990873038,0.3913506193521976,1.308599827325772,2015
1381,2015-12-31,法国,1.2,4,FRA,1.249340568022439,1.336800896716869,1.436470410406014,2015
1382,2016-03-31,法国,1,1,FRA,1.518465078454078,1.248000340273451,1.42036233745664,2016
1383,2016-06-30,法国,0.6,2,FRA,1.200728366078118,0.075454545376653,0.0339999999850988,2016
1384,2016-09-30,法国,0.5,3,FRA,0.0175808366914165,0.7110917294532263,1.25154398001655,2016
1385,2016-12-31,法国,0.8,4,FRA,1.383862871752443,1.405136831369265,1.457720929268042,2016
1386,2017-03-31,法国,1.1,1,FRA,1.427076144224901,1.3824171325821,1.519616709495953,2017
1387,2017-06-30,法国,2.2,2,FRA,1.476836173016494,0.2054166669646899,0.140000000440826,2017
1388,2017-09-30,法国,2.9,3,FRA,0.144583333361273,0.7137288960723596,1.414787742459585,2017
1389,2017-12-31,法国,2.9,4,FRA,1.502581817092719,1.382264165333895,1.266571654209999,2017
1390,2018-03-31,法国,2.2,1,FRA,1.305755169809553,1.438336366150017,1.456680650304109,2018
1391,2018-06-30,法国,1.5,2,FRA,0.1150909101421183,0.0867857144081166,0.1325000012293458,2018
1392,2018-09-30,法国,1.3,3,FRA,0.177499998981754,0.3282135540542119,1.364600003435056,2018
1393,2018-12-31,法国,1.4,4,FRA,1.435796322639588,1.427894290855088,1.215418029419356,2018
1394,2019-03-31,法国,2.4,1,FRA,1.302099208130589,1.431533941968114,1.395089330937736,2019
1395,2019-06-30,法国,2.7,2,FRA,1.344520535226449,0.1062500004967054,0.1966666659961144,2019
1396,2019-09-30,法国,2.2,3,FRA,0.1413636380298571,0.726401243313188,1.308415645921996,2019
1397,2019-12-31,法国,1,4,FRA,1.202059125289828,1.248406023531511,1.388419546539384,2019
1398,2020-03-31,法国,-5.1,1,FRA,1.151056020449108,1.353809497907555,1.392708734877092,2020
1399,2020-06-30,法国,-17.2,2,FRA,1.289672300100664,0.2424999978393316,0.0377210623845214,2020
1400,2020-09-30,法国,-4.3,3,FRA,0.2979166687776645,0.5915891623243199,1.295816165430985,2020
1401,2020-12-31,法国,-3.8,4,FRA,1.268192658292582,1.375577812813759,1.290107843567656,2020
1402,2021-03-31,法国,1.7,1,FRA,0.0730357146156685,0.0751785721430289,0.1191071431551661,2021
1403,2021-06-30,法国,17.4,2,FRA,0.1314285727483886,0.1096428568874087,0.0849999995636088,2021
1404,2021-09-30,法国,4.4,3,FRA,0.1114285715988704,0.0419642856078488,0.1191071435543043,2021
1405,2021-12-31,法国,5.1,4,FRA,0.1348214285182101,0.120892856536167,0.0732142856078488,2021
1406,2022-03-31,法国,4.7,1,FRA,0.0823214286938309,0.0660714283585548,0.1214285727058138,2022
1407,2022-06-30,法国,3.7,2,FRA,0.1155357145305191,0.1457142859165158,0.0967857135193688,2022
1408,2022-09-30,法国,1.4,3,FRA,0.0444897957982457,0.0591071428997176,0.1082142862890448,2022
1409,2022-12-31,法国,0.7,4,FRA,0.1030357147433928,0.1116071428571429,0.0623214292073888,2022
1410,2023-03-31,法国,1,1,FRA,0.0635714286140033,0.0942857144400477,0.1641071412180151,2023
1411,2023-06-30,法国,1.4,2,FRA,0.1553571437086378,0.1360714278583016,0.1480357144027948,2023
1412,2023-09-30,法国,0.9,3,FRA,0.1085714288055897,0.0298214278050831,0.105892856605351,2023
1413,2023-12-31,法国,1.2,4,FRA,0.1273214287523712,0.1548214286033596,0.0828571435330169,2023
1479,2013-03-31,巴西,2.7211,1,BRA,0.3126396291456082,0.2915291069214863,0.3282877529769947,2013
1480,2013-06-30,巴西,4.0218,2,BRA,0.3140655082570238,0.3620791969766367,0.4314563060414695,2013
1481,2013-09-30,巴西,2.759,3,BRA,0.943027506515944,0.3075792035436009,0.3511478725528486,2013
1482,2013-12-31,巴西,2.5288,4,BRA,0.3319950346252608,0.3256937321156599,0.3802521816881442,2013
1483,2014-03-31,巴西,3.4694,1,BRA,0.3241455344397095,0.3000324148748377,0.3280919402697169,2014
1484,2014-06-30,巴西,-0.4353,2,BRA,0.3414058830319259,0.6764915981850658,1.03416933644662,2014
1485,2014-09-30,巴西,-0.6388,3,BRA,0.6634005534057713,0.3290592199068788,0.3478364284985908,2014
1486,2014-12-31,巴西,-0.2285,4,BRA,0.4831242521601445,0.7255734834405869,0.3676036018337016,2014
1487,2015-03-31,巴西,-1.6194,1,BRA,0.3346904889822731,0.3938091862570742,0.357251093565892,2015
1488,2015-06-30,巴西,-2.7404,2,BRA,0.3271152224642248,0.7479456832362683,0.7853133361276645,2015
1489,2015-09-30,巴西,-4.2628,3,BRA,0.6952580494807785,0.4638670064802512,0.3763530396073712,2015
1490,2015-12-31,巴西,-5.5196,4,BRA,0.3636717110613687,0.3432373315310658,0.3971306368132981,2015
1491,2016-03-31,巴西,-5.1382,1,BRA,0.3148204437963584,0.4316976029462755,0.3144728590515763,2016
1492,2016-06-30,巴西,-3.2185,2,BRA,0.3319701012489595,0.3355070271006703,0.6351310947460252,2016
1493,2016-09-30,巴西,-2.4542,3,BRA,1.199646156302098,0.8072385847747896,0.3486955862452625,2016
1494,2016-12-31,巴西,-2.2611,4,BRA,0.3313926670750115,0.4652982320296901,0.4651244943867666,2016
1495,2017-03-31,巴西,0.282,1,BRA,0.3395576875531456,0.4069799045522363,0.4835282468633382,2017
1496,2017-06-30,巴西,0.7875,2,BRA,0.5377916338174361,0.3909588375384763,0.3451981052205934,2017
1497,2017-09-30,巴西,1.6407,3,BRA,0.3302843854197076,0.3914786513061905,0.5554398593303079,2017
1498,2017-12-31,巴西,2.5762,4,BRA,0.5197566249161943,0.4286328863504003,0.4110593348688731,2017
1499,2018-03-31,巴西,1.905,1,BRA,0.3620433102933145,0.3876382798255346,0.4364672824717868,2018
1500,2018-06-30,巴西,1.6171,2,BRA,0.2233277404351258,0.1760103778418028,0.3396714141040701,2018
1501,2018-09-30,巴西,2.0568,3,BRA,0.4027535398853498,0.376686073727432,0.4392037469471318,2018
1502,2018-12-31,巴西,1.5546,4,BRA,0.4448877782823396,0.4055103831969562,0.3848883441565343,2018
1503,2019-03-31,巴西,0.9013,1,BRA,0.3446391559537931,0.4129866669692063,0.4403676395386868,2019
1504,2019-06-30,巴西,1.1725,2,BRA,0.4158878895440202,0.3557086359419682,0.3289841186369252,2019
1505,2019-09-30,巴西,1.1096,3,BRA,0.3334088440326791,0.3651699393350215,0.4088831780321522,2019
1506,2019-12-31,巴西,1.6939,4,BRA,0.4456907636230478,0.4012374553778804,0.3591074941722869,2019
1507,2020-03-31,巴西,0.414,1,BRA,0.3579320653256923,0.4552488010881524,0.5310303938472676,2020
1508,2020-06-30,巴西,-10.1377,2,BRA,0.5825813467060541,0.4184951223687775,0.3947637615727814,2020
1509,2020-09-30,巴西,-3.0357,3,BRA,0.4478226690207394,0.4586354287777814,0.5234756346695678,2020
1510,2020-12-31,巴西,-0.3339,4,BRA,0.5021063859263595,0.4689369799784402,0.4302661527149781,2020
1511,2021-03-31,巴西,1.7498,1,BRA,0.1537440732527432,0.1528964131702008,0.1904126257983165,2021
1512,2021-06-30,巴西,12.3965,2,BRA,0.2058849715208431,0.1751537421188778,0.1642242020937391,2021
1513,2021-09-30,巴西,4.213,3,BRA,0.177008580291242,0.2119311911423708,0.2095933347978653,2021
1514,2021-12-31,巴西,1.4586,4,BRA,0.2169292501934974,0.1702368915158311,0.1672286193158054,2021
1515,2022-03-31,巴西,1.4734,1,BRA,0.1638072107563668,0.174441499675625,0.1721401287837487,2022
1516,2022-06-30,巴西,3.5439,2,BRA,0.2174159239718321,0.1966221187892075,0.1812194295355522,2022
1517,2022-09-30,巴西,4.3218,3,BRA,0.1473026148364506,0.1727075396629287,0.2415638200382636,2022
1518,2022-12-31,巴西,2.6939,4,BRA,0.239570404781134,0.2134769526675395,0.1830422861239558,2022
1519,2023-03-31,巴西,4.2212,1,BRA,0.1751164700886684,0.1590714134485527,0.2251020511260045,2023
1520,2023-06-30,巴西,3.4681,2,BRA,0.2438561658415673,0.2017362163745823,0.2001935968292686,2023
1521,2023-09-30,巴西,1.9597,3,BRA,0.1851578780903128,0.2121194946806524,0.2384481293271158,2023
1522,2023-12-31,巴西,2.0532,4,BRA,0.2326343142735771,0.2745490776035321,0.2165848924361343,2023
1648,2013-03-31,意大利,-2.9,1,ITA,2.752037567254532,3.313328879552232,2.707958028708372,2013
1649,2013-06-30,意大利,-2.2,2,ITA,3.001231053205963,0.345518204800299,0.0,2013
1650,2013-09-30,意大利,-1.5,3,ITA,0.2764448950523314,2.625485326701561,2.942516066764734,2013
1651,2013-12-31,意大利,-0.9,4,ITA,2.670686135563801,3.033730342235452,3.020531117847046,2013
1652,2014-03-31,意大利,0.2,1,ITA,3.023410814267408,2.84318700914614,2.859700317779106,2014
1653,2014-06-30,意大利,0.1,2,ITA,3.089274530995686,0.3019452820248407,0.0,2014
1654,2014-09-30,意大利,0.1,3,ITA,0.2071438813534986,3.08299070946702,2.894380083133725,2014
1655,2014-12-31,意大利,-0.1,4,ITA,2.965404387468774,2.735070688837176,3.378127897805261,2014
1656,2015-03-31,意大利,0.1,1,ITA,3.120153878954328,3.058532645184697,2.959314469416507,2015
1657,2015-06-30,意大利,0.5,2,ITA,3.147554510227683,0.1150107474255989,0.0,2015
1658,2015-09-30,意大利,0.5,3,ITA,0.1147555405635545,2.477934153734787,2.871460511143635,2015
1659,2015-12-31,意大利,1.4,4,ITA,2.695647360769869,2.92035936623139,2.972645698868734,2015
1660,2016-03-31,意大利,1.4,1,ITA,3.019721721159872,2.737981698739532,2.910000242287536,2016
1661,2016-06-30,意大利,1.2,2,ITA,2.891090304594711,0.3864921286608082,0.0,2016
1662,2016-09-30,意大利,1.6,3,ITA,0.2711327351697859,3.092549864864913,2.847865143261693,2016
1663,2016-12-31,意大利,1.5,4,ITA,2.865652298331255,2.890702003830998,3.157424997377401,2016
1664,2017-03-31,意大利,1.6,1,ITA,3.240767386899354,3.172716299306701,3.295662458430842,2017
1665,2017-06-30,意大利,1.8,2,ITA,3.159589256433889,0.7873276182265403,0.0,2017
1666,2017-09-30,意大利,1.7,3,ITA,0.3625938055525048,3.167375623321532,3.165092304682384,2017
1667,2017-12-31,意大利,1.9,4,ITA,3.304853334266296,3.147518053598302,3.475790076043586,2017
1668,2018-03-31,意大利,1.3,1,ITA,3.297531194244024,3.115349547857142,3.163319390976342,2018
1669,2018-06-30,意大利,0.9,2,ITA,0.7526514684974724,0.064359205358192,0.0,2018
1670,2018-09-30,意大利,0.6,3,ITA,0.0106362784168417,1.701340047176883,3.019084050196923,2018
1671,2018-12-31,意大利,0.3,4,ITA,2.9672253150886,2.975559511465095,3.135112281456658,2018
1672,2019-03-31,意大利,0.5,1,ITA,3.335989298087149,3.366132783712641,3.360911935077877,2019
1673,2019-06-30,意大利,0.8,2,ITA,3.123170800525458,0.769963991459095,0.0,2019
1674,2019-09-30,意大利,0.8,3,ITA,0.273216087158083,2.99169484254735,3.043218758686105,2019
1675,2019-12-31,意大利,-0.2,4,ITA,3.128550745661518,2.953000369179966,3.309088221567324,2019
1676,2020-03-31,意大利,-6.3,1,ITA,3.145171142574562,3.177654045008989,3.171673711416327,2020
1677,2020-06-30,意大利,-17.6,2,ITA,3.344528627702644,0.287304780249676,0.0,2020
1678,2020-09-30,意大利,-6.2,3,ITA,0.3371920577800877,3.109730361335532,2.999855493561941,2020
1679,2020-12-31,意大利,-6,4,ITA,2.968292552420513,3.266241493089683,3.214918182421036,2020
1680,2021-03-31,意大利,1.5,1,ITA,0.813266918368179,0.8497617943600684,0.7883153947883917,2021
1681,2021-06-30,意大利,18.1,2,ITA,0.7876794557303662,0.0864270888067898,0.0,2021
1682,2021-09-30,意大利,6.6,3,ITA,0.000113751909671,0.3949102144760282,0.7688157477214788,2021
1683,2021-12-31,意大利,8,4,ITA,0.7612193426932886,0.6733512242915172,0.8122867684002245,2021
1684,2022-03-31,意大利,6.6,1,ITA,0.7946055121861082,0.833088830306622,0.8193753351627544,2022
1685,2022-06-30,意大利,5.3,2,ITA,0.7873865725667144,0.0936873877590435,0.0,2022
1686,2022-09-30,意大利,2.8,3,ITA,0.0,0.6529462728021835,0.7424768204529345,2022
1687,2022-12-31,意大利,2,4,ITA,0.7408052255200755,0.7277457862026167,0.6513553960554043,2022
1688,2023-03-31,意大利,2.2,1,ITA,0.7549059133159441,0.7547420359585874,0.781664937280224,2023
1689,2023-06-30,意大利,0.6,2,ITA,0.7276391824964153,0.000245585412255,0.0,2023
1690,2023-09-30,意大利,0.6,3,ITA,0.0183253820293146,0.6362611477095697,0.7388582511568298,2023
1691,2023-12-31,意大利,0.7,4,ITA,0.7299322197720018,0.734815213777672,0.7783977523050811,2023
1897,2013-03-31,加拿大,1.57,1,CAN,0.6474590807050902,0.7751186986419539,0.385079667552791,2013
1898,2013-06-30,加拿大,1.82,2,CAN,0.0672669926144162,0.0,0.0,2013
1899,2013-09-30,加拿大,2.52,3,CAN,0.0,0.0076394464568905,0.0873702848978343,2013
1900,2013-12-31,加拿大,3.38,4,CAN,0.6209676654009941,0.910943075780562,0.5238428316274432,2013
1901,2014-03-31,加拿大,2.64,1,CAN,0.7159492277226666,0.5633370936539432,0.4057271230553888,2014
1902,2014-06-30,加拿大,2.98,2,CAN,0.0707738841169801,0.0,0.0,2014
1903,2014-09-30,加拿大,3.12,3,CAN,0.0,0.0230575254234515,0.2144008333485072,2014
1904,2014-12-31,加拿大,2.76,4,CAN,0.7495521714456066,0.622237950978426,1.02955774856019,2014
1905,2015-03-31,加拿大,2.01,1,CAN,0.9438276243661124,1.072310611532688,0.6658172200273583,2015
1906,2015-06-30,加拿大,0.81,2,CAN,0.0308819200069991,0.0,0.0,2015
1907,2015-09-30,加拿大,0.21,3,CAN,0.0,0.0166241458148442,0.1656663643328,2015
1908,2015-12-31,加拿大,-0.41,4,CAN,0.5599391394863414,1.143300357743668,0.9439179869380976,2015
1909,2016-03-31,加拿大,0.74,1,CAN,0.8420469431490221,0.8807951279247922,0.4814930803771769,2016
1910,2016-06-30,加拿大,0.52,2,CAN,0.0633034933921319,0.0,0.0,2016
1911,2016-09-30,加拿大,1.2,3,CAN,0.0,0.0256746236427524,0.6276114829537643,2016
1912,2016-12-31,加拿大,1.7,4,CAN,0.924964246751874,0.752042954981198,0.8758270145826984,2016
1913,2017-03-31,加拿大,2.37,1,CAN,0.939828971007982,1.151025638144936,1.014374621903817,2017
1914,2017-06-30,加拿大,3.97,2,CAN,0.0763556020255755,0.0,0.0,2017
1915,2017-09-30,加拿大,2.93,3,CAN,0.0,0.0350909228371963,0.3611470308993804,2017
1916,2017-12-31,加拿大,2.88,4,CAN,0.7579507297908092,0.9338375691529202,0.9775402801570808,2017
1917,2018-03-31,加拿大,2.78,1,CAN,0.8314453176427808,0.6998955804495114,0.5292156170877377,2018
1918,2018-06-30,加拿大,2.5,2,CAN,0.0289776304340546,0.0,0.0,2018
1919,2018-09-30,加拿大,2.99,3,CAN,0.0,0.0106702803089423,0.0943826287201823,2018
1920,2018-12-31,加拿大,2.71,4,CAN,0.4297115151736682,0.9269963814469372,0.8210964714269551,2018
1921,2019-03-31,加拿大,1.77,1,CAN,0.8189591943580331,0.9688064717582444,0.8599041713457953,2019
1922,2019-06-30,加拿大,2.09,2,CAN,0.080860016716033,0.0,0.0,2019
1923,2019-09-30,加拿大,1.86,3,CAN,0.0,0.0324106320581197,0.3315855335201398,2019
1924,2019-12-31,加拿大,1.91,4,CAN,0.9192310709858624,0.6196669477239911,0.7079151930183323,2019
1925,2020-03-31,加拿大,-0.32,1,CAN,0.6220613103098458,0.8774556455759541,0.518732905578909,2020
1926,2020-06-30,加拿大,-12.24,2,CAN,0.0452414905640405,0.0,0.0,2020
1927,2020-09-30,加拿大,-4.54,3,CAN,0.0,0.033657694062507,0.2152017757120289,2020
1928,2020-12-31,加拿大,-3.02,4,CAN,0.6308540254815327,0.8142058979994259,0.8454284133828154,2020
1929,2021-03-31,加拿大,0.33,1,CAN,0.4094394546133727,0.5747093395771545,0.3270745718428197,2021
1930,2021-06-30,加拿大,12.38,2,CAN,0.0345900912418522,0.0,0.0,2021
1931,2021-09-30,加拿大,4.75,3,CAN,0.0,0.0008049888186566,0.0598945220789362,2021
1932,2021-12-31,加拿大,4.44,4,CAN,0.2494316034585731,0.5470539995181095,0.4532721120112195,2021
1933,2022-03-31,加拿大,3.94,1,CAN,0.4931438213225868,0.5895337295737199,0.3187949796046491,2022
1934,2022-06-30,加拿大,5.25,2,CAN,0.0483439946098414,0.0,0.0,2022
1935,2022-09-30,加拿大,3.98,3,CAN,0.0,0.0133587199507932,0.1391032351115653,2022
1936,2022-12-31,加拿大,2.16,4,CAN,0.4893927468899252,0.5951951164393275,0.6417920877265924,2022
1937,2023-03-31,加拿大,2.04,1,CAN,0.55321865603281,0.6635962736408191,0.3240337767474914,2023
1938,2023-06-30,加拿大,1.27,2,CAN,0.0198593710640783,0.0,0.0,2023
1939,2023-09-30,加拿大,0.73,3,CAN,0.0,0.0121937430625795,0.1519763107531462,2023
1940,2023-12-31,加拿大,0.97,4,CAN,0.3066355206343138,0.4757747711559894,0.6552101883532231,2023
2010,2013-03-31,俄罗斯,1.131181289225007,1,RUS,0.6815675517297127,0.6411875618580536,0.3532705959839341,2013
2011,2013-06-30,俄罗斯,1.721541424278165,2,RUS,0.0143329301306516,0.0,0.0,2013
2012,2013-09-30,俄罗斯,1.509737244881623,3,RUS,0.0,0.0041863245255721,0.055329918266427,2013
2013,2013-12-31,俄罗斯,2.545971019748274,4,RUS,0.5738678546213813,0.5682865989294809,0.514761594558411,2013
2014,2014-03-31,俄罗斯,-0.047356349461587,1,RUS,0.7157588481788797,0.6922027350978663,0.2773980018775487,2014
2015,2014-06-30,俄罗斯,0.555510063706785,2,RUS,0.0164217191921895,0.0,0.0,2014
2016,2014-09-30,俄罗斯,1.405269682450059,3,RUS,0.0,0.0130682293381709,0.0780735629442148,2014
2017,2014-12-31,俄罗斯,0.927683149643426,4,RUS,0.4827445167204371,0.7709850410604951,1.207650500266488,2014
2018,2015-03-31,俄罗斯,-1.526021207310476,1,RUS,1.005991800878868,0.7281100370015354,0.1413490888133689,2015
2019,2015-06-30,俄罗斯,-3.088915019820782,2,RUS,0.0064651872847016,0.0,0.0,2015
2020,2015-09-30,俄罗斯,-1.699971382000523,3,RUS,0.0,0.0052181411226746,0.0424394444269261,2015
2021,2015-12-31,俄罗斯,-1.597136250029198,4,RUS,0.1909010566769335,0.9293576707665856,0.846499717601524,2015
2022,2016-03-31,俄罗斯,-0.206455041273056,1,RUS,0.7328911004112297,0.6603083003314331,0.2457342528262377,2016
2023,2016-06-30,俄罗斯,0.321325096296695,2,RUS,0.0128999487257485,0.0,0.0,2016
2024,2016-09-30,俄罗斯,0.058542265933781,3,RUS,0.0,0.0093692259043891,0.0772971594939911,2016
2025,2016-12-31,俄罗斯,0.537953462426339,4,RUS,0.7623479677238595,0.8050207228090137,0.7490906880485522,2016
2026,2017-03-31,俄罗斯,1.310013816130332,1,RUS,0.9420801977894224,1.232346148574007,0.3824551709224384,2017
2027,2017-06-30,俄罗斯,2.341242453279013,2,RUS,0.0275277615454862,0.0,0.0,2017
2028,2017-09-30,俄罗斯,2.637920783311617,3,RUS,0.0,0.0151289740334753,0.1244474649809926,2017
2029,2017-12-31,俄罗斯,1.040341645244975,4,RUS,0.5249772464555048,0.8474227231749086,0.7431266633010822,2017
2030,2018-03-31,俄罗斯,2.563064454838286,1,RUS,0.6678632992812855,0.7323981113605129,0.3067628363875293,2018
2031,2018-06-30,俄罗斯,2.72898101891561,2,RUS,0.0043558876540969,0.0,0.0,2018
2032,2018-09-30,俄罗斯,2.63390614937588,3,RUS,0.0,0.0052672992050166,0.0638665709416244,2018
2033,2018-12-31,俄罗斯,3.239026043066282,4,RUS,0.2893196503677149,0.7723877376009103,0.7206486798267073,2018
2034,2019-03-31,俄罗斯,1.388533002763215,1,RUS,0.9727535022177488,0.9482052140681212,0.4442153027459633,2019
2035,2019-06-30,俄罗斯,1.35756123365987,2,RUS,0.0243108920284128,0.0,0.0,2019
2036,2019-09-30,俄罗斯,2.767461759010463,3,RUS,0.0,0.0142061950771024,0.1278435168640578,2019
2037,2019-12-31,俄罗斯,3.06950161977111,4,RUS,0.7048316833486896,0.712913766633098,0.632402560810801,2019
2038,2020-03-31,俄罗斯,1.516031201759539,1,RUS,0.6040023567299749,0.8404593208785709,0.3102147964410118,2020
2039,2020-06-30,俄罗斯,-7.31564683170994,2,RUS,0.0159523517897025,0.0,0.0,2020
2040,2020-09-30,俄罗斯,-3.3283377592367,3,RUS,0.0,0.0124078576300546,0.130543128519119,2020
2041,2020-12-31,俄罗斯,-1.301421379435291,4,RUS,0.5602700248663697,0.7218676225034232,0.8187188700825954,2020
2042,2021-03-31,俄罗斯,0.868649556087107,1,RUS,0.2341706997247885,0.2537877430302476,0.0952309560648173,2021
2043,2021-06-30,俄罗斯,11.36605719325622,2,RUS,0.0066994849283435,0.0,0.0,2021
2044,2021-09-30,俄罗斯,5.221661478951981,3,RUS,0.0,0.0008527712886795,0.0126061731038488,2021
2045,2021-12-31,俄罗斯,6.083664995146752,4,RUS,0.1380203015655256,0.1966463586394523,0.2080352423222858,2021
2046,2022-03-31,俄罗斯,3.740515300592012,1,RUS,0.272669398551988,0.2961665263379342,0.1141507413425558,2022
2047,2022-06-30,俄罗斯,-3.50415478714331,2,RUS,0.008640871220305,0.0,0.0,2022
2048,2022-09-30,俄罗斯,-2.761144091283757,3,RUS,0.0,0.0027464898279172,0.0346036056382009,2022
2049,2022-12-31,俄罗斯,-1.842554407527522,4,RUS,0.2025236187201129,0.2411705161270525,0.3219300904885215,2022
2050,2023-03-31,俄罗斯,-1.56957304526749,1,RUS,0.2771059244303175,0.2931535209890888,0.0763558187889508,2023
2051,2023-06-30,俄罗斯,5.090406323392005,2,RUS,0.0032180029838957,0.0,0.0,2023
2052,2023-09-30,俄罗斯,5.729602008417633,3,RUS,0.0,0.0030787012699616,0.0337867095853136,2023
2053,2023-12-31,俄罗斯,4.884628431165682,4,RUS,0.1103037253947317,0.2462453288308886,0.2994198844638485,2023
2183,2013-03-31,墨西哥,-0.3,1,MEX,0.7484871616909293,0.567167788952998,0.623297255764471,2013
2184,2013-06-30,墨西哥,1.7,2,MEX,0.6215179189915297,0.5838763274386943,0.6054876177923719,2013
2185,2013-09-30,墨西哥,1,3,MEX,0.6270258643752872,0.53649635852225,0.4540945480032484,2013
2186,2013-12-31,墨西哥,0.9,4,MEX,0.5601373100524685,0.6072600401554602,0.6314087204440983,2013
2187,2014-03-31,墨西哥,2.5,1,MEX,0.5580425416246099,0.6554003537296251,0.5940105894045737,2014
2188,2014-06-30,墨西哥,1.9,2,MEX,0.6615665522965413,0.5338225258612777,0.6776742155526344,2014
2189,2014-09-30,墨西哥,2.6,3,MEX,0.5541089729751764,0.5663600671581809,0.5516062683917307,2014
2190,2014-12-31,墨西哥,3,4,MEX,0.5390154700234097,0.9636475461316756,0.6319229225217821,2014
2191,2015-03-31,墨西哥,2.9,1,MEX,0.5532945595254162,0.7929878541694019,0.657349557998909,2015
2192,2015-06-30,墨西哥,2.3,2,MEX,0.5863674467296353,0.5511515202222187,0.5498891707842107,2015
2193,2015-09-30,墨西哥,3.4,3,MEX,0.5856020443109776,1.112213342046772,0.5145118897763344,2015
2194,2015-12-31,墨西哥,2.2,4,MEX,0.5552520811134709,0.552029350244237,0.6282735801154663,2015
2195,2016-03-31,墨西哥,1.7,1,MEX,1.186896868772378,0.8906913995944072,0.5899727090030056,2016
2196,2016-06-30,墨西哥,2.3,2,MEX,0.5903448170956342,0.5739732803305672,0.5874115045474481,2016
2197,2016-09-30,墨西哥,0.9,3,MEX,0.6270734914859697,0.6325965571702047,0.5380121666674497,2016
2198,2016-12-31,墨西哥,2.3,4,MEX,0.5772234755970385,0.5545215553843197,1.119314252998386,2016
2199,2017-03-31,墨西哥,3.4,1,MEX,0.585818285482843,0.6427672009289459,0.6792713794756454,2017
2200,2017-06-30,墨西哥,1.5,2,MEX,0.8028057445272373,0.8094951629475854,0.6586927722276974,2017
2201,2017-09-30,墨西哥,1.2,3,MEX,0.5968502845644043,0.6444483132533337,0.6828013708447264,2017
2202,2017-12-31,墨西哥,1.4,4,MEX,0.8249039912922173,0.8036788222498826,0.6796796422461381,2017
2203,2018-03-31,墨西哥,1.1,1,MEX,0.6612459627052126,0.7259182146191695,0.8181549543732096,2018
2204,2018-06-30,墨西哥,2.9,2,MEX,0.2300548577194318,0.2141352224000888,0.6275316275807146,2018
2205,2018-09-30,墨西哥,2.8,3,MEX,0.6539384384808775,0.6251925758585642,0.6574935621471087,2018
2206,2018-12-31,墨西哥,1.1,4,MEX,0.7295713703714393,0.7421899276216206,0.6786952294564412,2018
2207,2019-03-31,墨西哥,0.9,1,MEX,0.5757123389665628,0.6428328973633307,0.7348614477627206,2019
2208,2019-06-30,墨西哥,-1,2,MEX,0.7773076426498892,0.7385175664928042,0.7208255336819195,2019
2209,2019-09-30,墨西哥,-0.5,3,MEX,0.6461242693197755,0.639389975424332,0.6814448635964224,2019
2210,2019-12-31,墨西哥,-1,4,MEX,0.785164704250546,0.7239965443146263,0.6440216774083366,2019
2211,2020-03-31,墨西哥,-1.4,1,MEX,0.771284181978151,0.8100571410642377,0.8423548382656124,2020
2212,2020-06-30,墨西哥,-20.3,2,MEX,0.8653267833017578,0.8260338335352704,0.770559329759826,2020
2213,2020-09-30,墨西哥,-8.1,3,MEX,0.7037345788209509,0.7330673728319392,0.7069414184732278,2020
2214,2020-12-31,墨西哥,-3.5,4,MEX,0.7947434428613608,0.9132210700934956,0.8492242517251197,2020
2215,2021-03-31,墨西哥,-2.6,1,MEX,0.2440000609842058,0.2513010801168024,0.2820976227271144,2021
2216,2021-06-30,墨西哥,22.7,2,MEX,0.2776868515431253,0.267968859786251,0.2358338894372692,2021
2217,2021-09-30,墨西哥,5.1,3,MEX,0.2448178838586822,0.2541382360779502,0.2111308016318924,2021
2218,2021-12-31,墨西哥,1.9,4,MEX,0.2772413050497102,0.276173326280484,0.2843396548799732,2021
2219,2022-03-31,墨西哥,2.7,1,MEX,0.2511646568723116,0.2637747882795302,0.3038910774119725,2022
2220,2022-06-30,墨西哥,3,2,MEX,0.2952961128780812,0.2864421728137888,0.2657883163616845,2022
2221,2022-09-30,墨西哥,4.7,3,MEX,0.118347351891238,0.2249707697491553,0.2540019538497177,2022
2222,2022-12-31,墨西哥,4.4,4,MEX,0.2757186074432452,0.2831394441874706,0.2583979659833098,2022
2223,2023-03-31,墨西哥,3.6,1,MEX,0.2645929242783152,0.277283364549081,0.2894183673751947,2023
2224,2023-06-30,墨西哥,3.5,2,MEX,0.3170821025492132,0.3125661493096257,0.3049203546028884,2023
2225,2023-09-30,墨西哥,3.4,3,MEX,0.2739511944776393,0.28753866673103,0.2874039596573491,2023
2226,2023-12-31,墨西哥,2.3,4,MEX,0.3235196622041469,0.3245229344163447,0.2766674297650579,2023
2438,2013-03-31,澳大利亚,2.27,1,AUS,0.2155466741256672,0.1676761903933116,0.1592789372072274,2013
2439,2013-06-30,澳大利亚,1.96,2,AUS,0.1331133699578025,0.1239500216988046,0.1323447777565918,2013
2440,2013-09-30,澳大利亚,2.18,3,AUS,0.2188368385349851,0.140764437680781,0.1407900515791558,2013
2441,2013-12-31,澳大利亚,2.52,4,AUS,0.1257900510393224,0.1992588851775938,0.125773196137443,2013
2442,2014-03-31,澳大利亚,2.81,1,AUS,0.1751538463868201,0.2073091608934275,0.103352576551068,2014
2443,2014-06-30,澳大利亚,2.92,2,AUS,0.1482345090192884,0.153672296088577,0.4870737165511035,2014
2444,2014-09-30,澳大利亚,2.53,3,AUS,0.2557250492538317,0.1303678017032314,0.2245908173389518,2014
2445,2014-12-31,澳大利亚,2.1,4,AUS,0.3473759057156028,2.551903153246928,0.1269252870563717,2014
2446,2015-03-31,澳大利亚,2.28,1,AUS,0.1438546671836905,0.2195942531233011,0.1888330202303528,2015
2447,2015-06-30,澳大利亚,1.9,2,AUS,0.1345455311454025,0.230907418964504,0.5091549223305928,2015
2448,2015-09-30,澳大利亚,2.49,3,AUS,1.324962323138416,2.1433414929289,0.5370498581245938,2015
2449,2015-12-31,澳大利亚,2.71,4,AUS,0.1708381770661507,0.164357260595935,0.4877928354439046,2015
2450,2016-03-31,澳大利亚,2.68,1,AUS,0.404342515767565,0.1261170861321205,0.1254178385377063,2016
2451,2016-06-30,澳大利亚,3.23,2,AUS,0.1139493634840287,0.1415136892677984,0.342134396239431,2016
2452,2016-09-30,澳大利亚,2.23,3,AUS,0.7819262750531202,1.272733697819968,0.0913111955102364,2016
2453,2016-12-31,澳大利亚,2.74,4,AUS,0.1074548891918779,0.1284302169820615,0.3200019024611285,2016
2454,2017-03-31,澳大利亚,2.18,1,AUS,0.1683301346165605,0.1973091599723424,0.3140037961629356,2017
2455,2017-06-30,澳大利亚,2.13,2,AUS,0.3085199241301989,0.2598644096508135,0.1531990388579011,2017
2456,2017-09-30,澳大利亚,3.02,3,AUS,0.153645038149739,0.2189121047705411,0.293994983326171,2017
2457,2017-12-31,澳大利亚,2.35,4,AUS,0.3253510441821938,0.3232154588336343,0.2700569253605729,2017
2458,2018-03-31,澳大利亚,3.06,1,AUS,0.3229411751371181,0.2536398812366744,0.2876923095721465,2018
2459,2018-06-30,澳大利亚,3.19,2,AUS,0.1241666655987501,0.0835286110112279,0.1992030357217427,2018
2460,2018-09-30,澳大利亚,2.67,3,AUS,0.2431878558725854,0.234554079935605,0.2557495257355966,2018
2461,2018-12-31,澳大利亚,2.48,4,AUS,0.2357207953720353,0.2888994308425364,0.2104942959559791,2018
2462,2019-03-31,澳大利亚,2.01,1,AUS,0.150834760292226,0.2261538448242041,0.2383076922000887,2019
2463,2019-06-30,澳大利亚,1.58,2,AUS,0.2533147679667093,0.2154648955345889,0.1602480914585918,2019
2464,2019-09-30,澳大利亚,1.71,3,AUS,0.1543453510610327,0.1475875485934868,0.1562763920765292,2019
2465,2019-12-31,澳大利亚,1.96,4,AUS,0.2449905131104096,0.2738330171530116,0.2443643263214227,2019
2466,2020-03-31,澳大利亚,1.17,1,AUS,0.1227854620505915,0.3313282738091597,0.3993168873906814,2020
2467,2020-06-30,澳大利亚,-6.12,2,AUS,0.3572183135498338,0.2660502681043956,0.2509677421435912,2020
2468,2020-09-30,澳大利亚,-3.2,3,AUS,0.2263757110037885,0.2197418212997549,0.2796963946345974,2020
2469,2020-12-31,澳大利亚,-0.35,4,AUS,0.3386907024729636,0.3470208742841371,0.2068088466931882,2020
2470,2021-03-31,澳大利亚,2,1,AUS,0.1062499992549419,0.0713312791853304,0.1437500007450581,2021
2471,2021-06-30,澳大利亚,10.57,2,AUS,0.1608333345502615,0.1016666659464439,0.0788182706039965,2021
2472,2021-09-30,澳大利亚,4.65,3,AUS,0.0663499948696933,0.1041666654249032,0.0669975859287283,2021
2473,2021-12-31,澳大利亚,5.14,4,AUS,0.1270833319673935,0.1245833343515794,0.0924255381442408,2021
2474,2022-03-31,澳大利亚,3.69,1,AUS,0.0918181812898679,0.1358333332464099,0.1608333339293798,2022
2475,2022-06-30,澳大利亚,3.64,2,AUS,0.1437500001241764,0.1179166659712791,0.0831212572492543,2022
2476,2022-09-30,澳大利亚,5.71,3,AUS,0.0340024356220405,0.0712166969518505,0.1337500003476938,2022
2477,2022-12-31,澳大利亚,2.52,4,AUS,0.1070817245782121,0.1466666664928198,0.1104166678463419,2022
2478,2023-03-31,澳大利亚,2.34,1,AUS,0.1013043480722801,0.1629166690011819,0.1345833335071802,2023
2479,2023-06-30,澳大利亚,1.91,2,AUS,0.1391666661947966,0.1176910421253578,0.0860537694305436,2023
2480,2023-09-30,澳大利亚,2.05,3,AUS,0.0912500011424223,0.1023575249674665,0.1382809767461935,2023
2481,2023-12-31,澳大利亚,1.56,4,AUS,0.183757728592441,0.2070545083865111,0.1158333333830039,2023
2695,2013-03-31,韩国,2.43,1,KOR,4.524769981154825,4.372498827668897,3.346403261554464,2013
2696,2013-06-30,韩国,3.15,2,KOR,3.396361846121454,3.352986063950856,0.0560583507027262,2013
2697,2013-09-30,韩国,3.72,3,KOR,0.9286895045301772,2.825895614787731,3.283327338402875,2013
2698,2013-12-31,韩国,3.86,4,KOR,3.321650873550703,3.579043424690573,3.542510972757883,2013
2699,2014-03-31,韩国,3.83,1,KOR,3.521886625657905,2.975016968146948,3.168978554858194,2014
2700,2014-06-30,韩国,3.64,2,KOR,3.217453475542002,3.517179582389768,0.0439765163539527,2014
2701,2014-09-30,韩国,2.88,3,KOR,3.080757692395739,3.017342290738817,3.01577793932865,2014
2702,2014-12-31,韩国,2.53,4,KOR,3.325383355204904,3.528873436165502,4.392189988880482,2014
2703,2015-03-31,韩国,2.63,1,KOR,3.632220114707613,3.528695933145602,3.553377860083759,2015
2704,2015-06-30,韩国,2.1,2,KOR,3.301927482422717,1.870621786819096,5.367611102148695e-06,2015
2705,2015-09-30,韩国,3.35,3,KOR,1.260770016681266,2.88766998051712,3.306329839112278,2015
2706,2015-12-31,韩国,3.6,4,KOR,3.257413107616531,2.911000236531283,3.637999410380666,2015
2707,2016-03-31,韩国,3.1,1,KOR,3.672957686816127,3.6159240871674,3.353177619005937,2016
2708,2016-06-30,韩国,3.95,2,KOR,3.35543156390948,3.461624540978436,0.0571097278616632,2016
2709,2016-09-30,韩国,2.83,3,KOR,2.227407678919089,3.157631308581623,2.733089543671144,2016
2710,2016-12-31,韩国,2.83,4,KOR,3.487376208270307,3.50808325889689,3.841134874825438,2016
2711,2017-03-31,韩国,3.58,1,KOR,4.545630237858241,3.997697995822671,3.51726158862705,2017
2712,2017-06-30,韩国,3.05,2,KOR,3.968517609366233,3.84504809679552,0.0460309076724492,2017
2713,2017-09-30,韩国,4.07,3,KOR,2.610523883147384,3.281789220631603,3.44164361129716,2017
2714,2017-12-31,韩国,3.04,4,KOR,3.95367861958441,3.96791968175174,4.438166820260737,2017
2715,2018-03-31,韩国,3.38,1,KOR,4.55420182244401,4.486619848599307,3.737918699416486,2018
2716,2018-06-30,韩国,3.42,2,KOR,0.9843978761824718,0.8739856142412697,0.0751507497910915,2018
2717,2018-09-30,韩国,2.55,3,KOR,2.29058694960595,3.587873811674413,3.557777458014451,2018
2718,2018-12-31,韩国,3.37,4,KOR,3.925152642296825,4.010937122435779,4.402826888852057,2018
2719,2019-03-31,韩国,1.94,1,KOR,4.286893364794966,4.064080795256819,4.008667682834856,2019
2720,2019-06-30,韩国,2.49,2,KOR,3.98308844599208,4.06079228322747,0.0707129450855111,2019
2721,2019-09-30,韩国,2.18,3,KOR,2.7373599609983,3.814328504094897,3.51591119210799,2019
2722,2019-12-31,韩国,2.63,4,KOR,3.968633784274993,4.227030148959171,4.434975495466996,2019
2723,2020-03-31,韩国,1.25,1,KOR,4.291807981481826,4.292573208102207,4.361956616593918,2020
2724,2020-06-30,韩国,-2.82,2,KOR,4.208143648351757,1.974595905213958,0.0651653064758906,2020
2725,2020-09-30,韩国,-0.88,3,KOR,2.124342993824694,3.479526036900042,3.711839985540156,2020
2726,2020-12-31,韩国,-0.33,4,KOR,4.250637060841109,4.129642352166346,4.776052580735308,2020
2727,2021-03-31,韩国,2.53,1,KOR,1.430074673966311,1.142044902844966,1.059944927030731,2021
2728,2021-06-30,韩国,6.84,2,KOR,1.122697668562302,1.075297529177238,0.0184384967289152,2021
2729,2021-09-30,韩国,4.56,3,KOR,0.242888416877273,0.9924075291097216,0.9798282444600408,2021
2730,2021-12-31,韩国,4.58,4,KOR,0.926323401132228,1.062498616661259,1.207549778071032,2021
2731,2022-03-31,韩国,3.49,1,KOR,1.15531502056968,1.216536125234727,1.110848262607679,2022
2732,2022-06-30,韩国,2.93,2,KOR,1.121111703067113,1.125384228420251,0.0242764201894959,2022
2733,2022-09-30,韩国,3.3,3,KOR,0.0001578715070723,0.8766259826970235,1.117286192007234,2022
2734,2022-12-31,韩国,1.22,4,KOR,1.132108150946149,1.156343579207436,1.681255232935619,2022
2735,2023-03-31,韩国,1.18,1,KOR,1.480869110333519,1.244823527047261,1.197166452852877,2023
2736,2023-06-30,韩国,0.93,2,KOR,0.9575221425838716,0.764225262380247,0.0133756778938992,2023
2737,2023-09-30,韩国,1.29,3,KOR,0.4147417069465978,0.9763748135797288,1.015888345974715,2023
2738,2023-12-31,韩国,2.22,4,KOR,1.159960030994851,1.216879537497588,1.158633119131912,2023
2808,2013-03-31,西班牙,-2.5,1,ESP,1.419740768395811,1.500544324014091,1.465617024619427,2013
2809,2013-06-30,西班牙,-1.6,2,ESP,1.607511788366348,1.026770007558943,0.040330842637747,2013
2810,2013-09-30,西班牙,-1.2,3,ESP,0.083271429454717,1.465799054628417,1.5415222625447,2013
2811,2013-12-31,西班牙,-0.3,4,ESP,1.599191206974689,1.671138378339586,1.578194067866057,2013
2812,2014-03-31,西班牙,0.4,1,ESP,1.463937935393665,1.540661998772241,1.501671261284481,2014
2813,2014-06-30,西班牙,1,2,ESP,1.523687156992414,0.7406422769670383,0.0402592963494223,2014
2814,2014-09-30,西班牙,1.7,3,ESP,0.4318652288828657,1.638767604121374,1.52209020705938,2014
2815,2014-12-31,西班牙,2.5,4,ESP,1.616652024179803,1.400697685660877,1.701196071166769,2014
2816,2015-03-31,西班牙,3.2,1,ESP,1.63069280026285,1.6825269888917,1.478426060057637,2015
2817,2015-06-30,西班牙,3.9,2,ESP,1.633091461924647,0.2162272599406589,0.0440768912167693,2015
2818,2015-09-30,西班牙,4.1,3,ESP,0.2491316619436273,1.440573006129773,1.434803622818602,2015
2819,2015-12-31,西班牙,4.2,4,ESP,1.402495951830909,1.507023588745045,1.541224173658249,2015
2820,2016-03-31,西班牙,3.7,1,ESP,1.420293923595366,1.424700522344293,1.494406967805948,2016
2821,2016-06-30,西班牙,3,2,ESP,1.430279715652356,0.9570505465987544,0.0430113018425507,2016
2822,2016-09-30,西班牙,3,3,ESP,0.4908244754156356,1.444536855804534,1.422682693516974,2016
2823,2016-12-31,西班牙,2.5,4,ESP,1.501560543286141,1.479594805457034,1.429410462113295,2016
2824,2017-03-31,西班牙,2.6,1,ESP,1.550542845394774,1.538165617356754,1.61631952582949,2017
2825,2017-06-30,西班牙,3.2,2,ESP,1.626572431412151,0.8324794870149411,0.0411355152224919,2017
2826,2017-09-30,西班牙,3,3,ESP,0.4739379513242236,1.588300557298787,1.609170546923395,2017
2827,2017-12-31,西班牙,3,4,ESP,1.746150404135093,1.745962537861064,1.638172892825591,2017
2828,2018-03-31,西班牙,2.6,1,ESP,1.607841693479308,1.628454422180584,1.613027720060551,2018
2829,2018-06-30,西班牙,2.2,2,ESP,0.2309436361848134,0.0677200261075923,0.0354770169858254,2018
2830,2018-09-30,西班牙,2.1,3,ESP,0.1052106431808899,1.572078856775497,1.497048736560865,2018
2831,2018-12-31,西班牙,2.2,4,ESP,1.557552223685914,1.581485815425563,1.555783719189942,2018
2832,2019-03-31,西班牙,2.4,1,ESP,1.631200293703823,1.639032224885276,1.626919569561508,2019
2833,2019-06-30,西班牙,2.2,2,ESP,1.586842584543622,0.8704399564652959,0.0393447761154278,2019
2834,2019-09-30,西班牙,1.9,3,ESP,0.5034705902994023,1.488702224606631,1.572039761843445,2019
2835,2019-12-31,西班牙,1.5,4,ESP,1.632008989858968,1.571356564675295,1.668899511219286,2019
2836,2020-03-31,西班牙,-4.6,1,ESP,1.405937780451331,1.674206219504113,1.534641737947998,2020
2837,2020-06-30,西班牙,-21.7,2,ESP,1.490843961202349,0.3523986174451497,0.0356075132276411,2020
2838,2020-09-30,西班牙,-9.2,3,ESP,0.4958867570115043,1.609015741665146,1.499659876067619,2020
2839,2020-12-31,西班牙,-9.2,4,ESP,1.586535406927054,1.691352836181832,1.588308436681949,2020
2840,2021-03-31,西班牙,-3.6,1,ESP,0.3013791015161084,0.2500356040489249,0.2409591396765788,2021
2841,2021-06-30,西班牙,19.4,2,ESP,0.2324900114749489,0.1268732141797657,0.0058741715934429,2021
2842,2021-09-30,西班牙,5.1,3,ESP,0.0126299260029498,0.2242211359499192,0.2251911655275237,2021
2843,2021-12-31,西班牙,7,4,ESP,0.2440140135603978,0.2487464331713922,0.2570135557905949,2021
2844,2022-03-31,西班牙,6.8,1,ESP,0.2450671329559012,0.2355607758911625,0.2282649554504404,2022
2845,2022-06-30,西班牙,7.2,2,ESP,0.2478960815204467,0.1416494832089594,0.0060698742943464,2022
2846,2022-09-30,西班牙,5.4,3,ESP,0.0038643139014607,0.2102806395296451,0.2458514881293768,2022
2847,2022-12-31,西班牙,3.8,4,ESP,0.2326026728067488,0.2316734304797582,0.2368220556546064,2022
2848,2023-03-31,西班牙,4,1,ESP,0.2586443039190962,0.2539680613602812,0.2584675523125918,2023
2849,2023-06-30,西班牙,2,2,ESP,0.2496770418246233,0.0415916656372439,0.0063299552667756,2023
2850,2023-09-30,西班牙,1.9,3,ESP,0.0261253339952825,0.2464681895905238,0.2428692693957894,2023
2851,2023-12-31,西班牙,2.1,4,ESP,0.2556771622751852,0.2506315201680291,0.2485954597628881,2023
2861,2013-03-31,印度尼西亚,5.54,1,IDN,0.1029670700029137,0.1570764438663571,0.2710690789243863,2013
2862,2013-06-30,印度尼西亚,5.59,2,IDN,0.1664134359976916,0.3051164067392463,0.2540139192324914,2013
2863,2013-09-30,印度尼西亚,5.52,3,IDN,0.2546665623978931,0.281526321654538,0.275149874126862,2013
2864,2013-12-31,印度尼西亚,5.58,4,IDN,0.2465981645660928,0.1945189418972835,0.0684837302439636,2013
2865,2014-03-31,印度尼西亚,5.12,1,IDN,0.1948346123265624,0.2364291890441942,0.2596803133844569,2014
2866,2014-06-30,印度尼西亚,4.94,2,IDN,0.2752132955322152,0.3245063499519371,0.3631565286471162,2014
2867,2014-09-30,印度尼西亚,4.93,3,IDN,0.3661901288013656,0.3056733430116649,0.3105204331956666,2014
2868,2014-12-31,印度尼西亚,5.05,4,IDN,0.3909468131445276,0.3578746470714946,0.1336357066912805,2014
2869,2015-03-31,印度尼西亚,4.83,1,IDN,0.2862253583334916,0.2870608131493803,0.323433268203859,2015
2870,2015-06-30,印度尼西亚,4.74,2,IDN,0.2762603885524614,0.3184412660128519,0.4101941004679983,2015
2871,2015-09-30,印度尼西亚,4.78,3,IDN,0.3144400227425639,0.3459086569659037,0.3349677021189471,2015
2872,2015-12-31,印度尼西亚,5.15,4,IDN,0.3061191162197821,0.3646103625747219,0.2861206740258146,2015
2873,2016-03-31,印度尼西亚,4.94,1,IDN,0.7115762286134063,0.2230674365625038,0.3307522466970472,2016
2874,2016-06-30,印度尼西亚,5.21,2,IDN,0.3889438517816758,0.29531373611273,0.3312970393463642,2016
2875,2016-09-30,印度尼西亚,5.03,3,IDN,0.3160986347924988,0.3318133648564281,0.3902464928715985,2016
2876,2016-12-31,印度尼西亚,4.94,4,IDN,0.1521671715234173,0.1002677202250593,0.2039801330045565,2016
2877,2017-03-31,印度尼西亚,5.01,1,IDN,0.1072315188156743,0.2231750704123783,0.4068825226481243,2017
2878,2017-06-30,印度尼西亚,5.01,2,IDN,0.4861193410583732,0.4828720629487931,0.3691983701432143,2017
2879,2017-09-30,印度尼西亚,5.06,3,IDN,0.3129626999727586,0.3449541101302593,0.405258055684355,2017
2880,2017-12-31,印度尼西亚,5.19,4,IDN,0.4040583101436174,0.2659055146986278,0.3613695977706645,2017
2881,2018-03-31,印度尼西亚,5.07,1,IDN,0.0751511649546552,0.3156455438057057,0.4438062379128684,2018
2882,2018-06-30,印度尼西亚,5.27,2,IDN,0.1036031933061051,0.0896413672682522,0.4424344078363803,2018
2883,2018-09-30,印度尼西亚,5.17,3,IDN,0.4660103929415709,0.4721607655209256,0.3836174175015966,2018
2884,2018-12-31,印度尼西亚,5.18,4,IDN,0.3598387631414237,0.2743488125684531,0.2785831517840604,2018
2885,2019-03-31,印度尼西亚,5.06,1,IDN,0.3505508161126685,0.3654780711194351,0.4475956320875904,2019
2886,2019-06-30,印度尼西亚,5.05,2,IDN,0.4761037087538991,0.461581203937114,0.4405093879483419,2019
2887,2019-09-30,印度尼西亚,5.01,3,IDN,0.3919962212933898,0.374595715199529,0.396566850311228,2019
2888,2019-12-31,印度尼西亚,4.96,4,IDN,0.4439417655728397,0.4296246075921931,0.3748260409534432,2019
2889,2020-03-31,印度尼西亚,2.97,1,IDN,0.3749166513890838,0.5079842349652958,0.535757023643752,2020
2890,2020-06-30,印度尼西亚,-5.32,2,IDN,0.589858698869766,0.4538541427993525,0.4938949398197007,2020
2891,2020-09-30,印度尼西亚,-3.49,3,IDN,0.418283682396785,0.4521575655466164,0.4076104185900478,2020
2892,2020-12-31,印度尼西亚,-2.17,4,IDN,0.3560856358732484,0.3878779271775721,0.1498924377355174,2020
2893,2021-03-31,印度尼西亚,-0.69,1,IDN,0.0418077372790623,0.0458293693016006,0.1119073448869498,2021
2894,2021-06-30,印度尼西亚,7.08,2,IDN,0.1204613722060533,0.1036576343668542,0.1004384867330782,2021
2895,2021-09-30,印度尼西亚,3.53,3,IDN,0.0990280791269746,0.1058093211782356,0.0791595094090424,2021
2896,2021-12-31,印度尼西亚,5.03,4,IDN,0.0968941441577006,0.0729676178275781,0.0448330143646702,2021
2897,2022-03-31,印度尼西亚,5.02,1,IDN,0.0484066505642704,0.0401194628028663,0.0916291508880376,2022
2898,2022-06-30,印度尼西亚,5.46,2,IDN,0.1121752950572164,0.1131161377747793,0.1033907240201609,2022
2899,2022-09-30,印度尼西亚,5.73,3,IDN,0.0449141178173984,0.1067666330179994,0.0925422070727345,2022
2900,2022-12-31,印度尼西亚,5.01,4,IDN,0.0588355981902904,0.0476806194521271,0.0275882787206807,2022
2901,2023-03-31,印度尼西亚,5.04,1,IDN,0.0179949397481306,0.0575264424560097,0.1059169083573488,2023
2902,2023-06-30,印度尼西亚,5.17,2,IDN,0.1253601061214409,0.1215578266614354,0.1136250069959441,2023
2903,2023-09-30,印度尼西亚,4.94,3,IDN,0.1102221324500972,0.1073241948350378,0.1340506036508234,2023
2904,2023-12-31,印度尼西亚,5.04,4,IDN,0.1123330688476548,0.1287836393493735,0.0910679139752952,2023
3002,2013-03-31,荷兰,-1.1,1,NLD,7.658399016790464,7.102241462174057,6.91454911935881,2013
3003,2013-06-30,荷兰,-0.6,2,NLD,0.7082875536351209,0.0040450272796692,0.0044357328455952,2013
3004,2013-09-30,荷兰,0.3,3,NLD,0.0038034650709027,0.0039265884440281,7.122269148799989,2013
3005,2013-12-31,荷兰,1.5,4,NLD,8.000522811107423,7.188968527924239,7.643204511864633,2013
3006,2014-03-31,荷兰,1.8,1,NLD,7.903036502738629,8.730565068069781,8.081323776005123,2014
3007,2014-06-30,荷兰,1.7,2,NLD,0.0277734868224219,0.0043665737655634,0.0040354817358457,2014
3008,2014-09-30,荷兰,1.1,3,NLD,0.0038233171625731,0.0046846298825814,7.287359781520706,2014
3009,2014-12-31,荷兰,1.9,4,NLD,7.317945631362393,7.872287121311242,8.3253491820065,2014
3010,2015-03-31,荷兰,2,1,NLD,8.434686368861362,7.477145197061626,7.218330201003618,2015
3011,2015-06-30,荷兰,2.2,2,NLD,0.0045916486408624,0.0037718987717256,0.0044877902116375,2015
3012,2015-09-30,荷兰,2.7,3,NLD,0.0044727180178312,0.0045755889885948,6.30437698165433,2015
3013,2015-12-31,荷兰,1.5,4,NLD,6.373187669677458,7.240468327621603,8.860511607609832,2015
3014,2016-03-31,荷兰,1.8,1,NLD,7.164672242409479,7.688040131119923,7.393409712171412,2016
3015,2016-06-30,荷兰,2.1,2,NLD,0.3620908173505545,0.0048852926428283,0.004173605759132,2016
3016,2016-09-30,荷兰,2.6,3,NLD,0.0043817120456694,0.0045295370769254,7.248741899996372,2016
3017,2016-12-31,荷兰,3.2,4,NLD,7.460371411643582,6.7215107520371,7.106865492864597,2016
3018,2017-03-31,荷兰,3.1,1,NLD,6.777403592075674,7.466718120477005,7.973575546099629,2017
3019,2017-06-30,荷兰,2.8,2,NLD,0.8307179820015751,0.0058542252417435,0.0053542340865023,2017
3020,2017-09-30,荷兰,2.7,3,NLD,0.0054519477247993,0.0055255070471787,6.874867061969962,2017
3021,2017-12-31,荷兰,2.5,4,NLD,7.313480027829025,7.635119333713313,6.422809050682154,2017
3022,2018-03-31,荷兰,2.6,1,NLD,7.10640793544272,7.007536577591758,6.55272119770575,2018
3023,2018-06-30,荷兰,2.6,2,NLD,1.018173812505665e-05,9.574594046518457e-06,0.006470001596731,2018
3024,2018-09-30,荷兰,2.1,3,NLD,0.0056656233901663,0.0060516683279412,7.73663061047411,2018
3025,2018-12-31,荷兰,1.7,4,NLD,7.819785509431003,7.608542367171751,7.091963824522806,2018
3026,2019-03-31,荷兰,2.2,1,NLD,7.378294205795118,7.870761626549071,7.107101051457209,2019
3027,2019-06-30,荷兰,2.2,2,NLD,0.8838206281973477,0.006414973574158,0.0065955234731083,2019
3028,2019-09-30,荷兰,2.5,3,NLD,0.00560811981265,0.0061763655457289,6.087629474401067,2019
3029,2019-12-31,荷兰,2.3,4,NLD,7.075787029971953,7.821312926987015,7.30373056273439,2019
3030,2020-03-31,荷兰,-0.1,1,NLD,7.050342925937412,8.447311041558727,5.90985726956453,2020
3031,2020-06-30,荷兰,-8.8,2,NLD,0.0063540749342087,0.0066909270824775,0.0062235778727953,2020
3032,2020-09-30,荷兰,-3.3,3,NLD,0.0065971743377444,0.0070829487376749,7.24363896499499,2020
3033,2020-12-31,荷兰,-3,4,NLD,7.183679491074287,7.419012110986004,6.933576323554258,2020
3034,2021-03-31,荷兰,-1.1,1,NLD,0.010270308366914,0.0160054541284103,0.0100327632200617,2021
3035,2021-06-30,荷兰,12.2,2,NLD,0.0002062489188847,1.127477424927511e-05,1.159592058851035e-05,2021
3036,2021-09-30,荷兰,7.3,3,NLD,1.098750550719142e-05,1.30488992771452e-05,0.0088923158005777,2021
3037,2021-12-31,荷兰,7,4,NLD,0.0096897390504527,0.0091222628128906,0.0086114651860407,2021
3038,2022-03-31,荷兰,7.1,1,NLD,0.0106073061289539,0.0096499617308864,0.0078726825644785,2022
3039,2022-06-30,荷兰,5.8,2,NLD,0.0001672934952359,1.229126796888482e-05,1.336899564029637e-05,2022
3040,2022-09-30,荷兰,3.8,3,NLD,1.20212987902511e-05,1.194055471255494e-05,0.0057694822844275,2022
3041,2022-12-31,荷兰,3.5,4,NLD,0.0069894268718245,0.0062186681810243,0.0065482963272177,2022
3042,2023-03-31,荷兰,2.3,1,NLD,0.007174996636579,0.0072717264652178,0.0065980838535461,2023
3043,2023-06-30,荷兰,-0.5,2,NLD,1.482788768011772e-05,1.475493754497347e-05,1.344857759881855e-05,2023
3044,2023-09-30,荷兰,-0.9,3,NLD,1.329797975536138e-05,1.484264352648946e-05,0.0074826477350591,2023
3045,2023-12-31,荷兰,-0.6,4,NLD,0.007519529496083,0.0078968647178562,0.0077531130408291,2023
3103,2013-03-31,土耳其,8.3,1,TUR,1.015306854995295,0.7435373589991113,0.8703898263872412,2013
3104,2013-06-30,土耳其,9.5,2,TUR,0.7612818888647231,0.6022511057096828,0.0,2013
3105,2013-09-30,土耳其,9.2,3,TUR,0.1355789190333127,0.8746994922341093,0.8985587275395022,2013
3106,2013-12-31,土耳其,7.7,4,TUR,1.002607494692928,1.009781898492701,0.9971429885864872,2013
3107,2014-03-31,土耳其,7.7,1,TUR,0.7683539420914192,0.9108559221208304,0.8169084351526464,2014
3108,2014-06-30,土耳其,2.9,2,TUR,0.8141415374695703,0.5411016342355311,0.0,2014
3109,2014-09-30,土耳其,3.9,3,TUR,0.3590445511990283,0.933286861758574,0.8904576018314598,2014
3110,2014-12-31,土耳其,5.1,4,TUR,0.8906544040881275,0.7818153851161599,1.285841897108202,2014
3111,2015-03-31,土耳其,4.1,1,TUR,1.094071363268942,1.25524710105709,0.9284634859463584,2015
3112,2015-06-30,土耳其,7.4,2,TUR,0.9066721626605844,0.120803983230612,0.0,2015
3113,2015-09-30,土耳其,6.3,3,TUR,0.1890390021528509,0.8743938820528279,0.8830408573169505,2015
3114,2015-12-31,土耳其,6.1,4,TUR,0.8361169196220707,1.0492766915322,0.9928621507162614,2015
3115,2016-03-31,土耳其,4.5,1,TUR,1.027176285522934,1.076265606756842,0.9448245170504508,2016
3116,2016-06-30,土耳其,4.4,2,TUR,0.940180819203662,0.6786083701659259,0.0,2016
3117,2016-09-30,土耳其,0,3,TUR,0.4979849371755626,0.9448385263855252,0.9880346944930316,2016
3118,2016-12-31,土耳其,4.3,4,TUR,1.053075424523885,1.007379366098532,1.281470836951616,2016
3119,2017-03-31,土耳其,5.4,1,TUR,1.562116696332473,1.441735154623455,1.228627180852119,2017
3120,2017-06-30,土耳其,6.3,2,TUR,1.204065203818875,0.4984925813142178,0.0,2017
3121,2017-09-30,土耳其,11.1,3,TUR,0.6437973819003985,1.263418728741861,1.25781416221111,2017
3122,2017-12-31,土耳其,7.2,4,TUR,1.413574357940225,1.320736779306391,1.360003011325193,2017
3123,2018-03-31,土耳其,7.1,1,TUR,1.304081578534555,1.187053590602654,1.302270757303841,2018
3124,2018-06-30,土耳其,5.4,2,TUR,0.8497154145626947,0.3205276692090078,0.0,2018
3125,2018-09-30,土耳其,2.8,3,TUR,0.1184222763093887,1.328923416352473,1.270912346216096,2018
3126,2018-12-31,土耳其,-2.6,4,TUR,1.309670023491233,1.337522787089231,1.260352965749452,2018
3127,2019-03-31,土耳其,-2.3,1,TUR,1.841024573642989,1.392831769858319,1.419157211819893,2019
3128,2019-06-30,土耳其,-0.7,2,TUR,1.312194504009002,0.8238584659047506,0.0,2019
3129,2019-09-30,土耳其,0.8,3,TUR,0.6842986277418107,1.317495871022143,1.358807970775277,2019
3130,2019-12-31,土耳其,5.8,4,TUR,1.511489326009571,1.478741034214889,1.408314849816618,2019
3131,2020-03-31,土耳其,4.4,1,TUR,1.492300749321577,1.653035540712436,1.391423050673422,2020
3132,2020-06-30,土耳其,-8.9,2,TUR,1.388713187788327,0.3299748631318776,0.0,2020
3133,2020-09-30,土耳其,5.5,3,TUR,0.634413273269709,1.486922218801435,1.379129932400749,2020
3134,2020-12-31,土耳其,5.6,4,TUR,1.474057745285632,1.57478809822335,1.389407557616786,2020
3135,2021-03-31,土耳其,7.6,1,TUR,1.375413880034873,1.3430071783588,1.033257017053898,2021
3136,2021-06-30,土耳其,22.6,2,TUR,0.9613328184886334,0.6234568380922936,0.0,2021
3137,2021-09-30,土耳其,9.1,3,TUR,0.0532283940531303,1.045746427041115,0.9975981599872544,2021
3138,2021-12-31,土耳其,9.3,4,TUR,1.028553135541408,1.000064076430873,1.077049014319524,2021
3139,2022-03-31,土耳其,7.3,1,TUR,1.375756214927231,1.293780749080002,1.122066921801846,2022
3140,2022-06-30,土耳其,7,2,TUR,1.094330276842427,0.531494733912483,0.0,2022
3141,2022-09-30,土耳其,3.8,3,TUR,0.0,0.9091159405548798,1.084544849048208,2022
3142,2022-12-31,土耳其,3.4,4,TUR,1.088547428445407,0.991672129828145,1.065110685838594,2022
3143,2023-03-31,土耳其,3,1,TUR,1.11681414982115,1.403563020124314,1.039919755320908,2023
3144,2023-06-30,土耳其,5.2,2,TUR,1.05825809918949,0.1991805711518856,0.0,2023
3145,2023-09-30,土耳其,5,3,TUR,0.254994736880343,1.076771322454125,1.134652160409315,2023
3146,2023-12-31,土耳其,4.8,4,TUR,1.145326667819218,1.181703112705625,1.026470033880134,2023
3156,2013-03-31,沙特,-0.28,1,SAU,1.105780069002923,0.7391835715375655,0.7848966403645092,2013
3157,2013-06-30,沙特,1.7,2,SAU,0.7960448265266947,0.7845448195955915,0.8262012684081705,2013
3158,2013-09-30,沙特,3.81,3,SAU,0.8695485100598401,0.8484957429390759,0.8035854210794942,2013
3159,2013-12-31,沙特,4.9,4,SAU,0.9037815710398294,0.8163650182260488,1.081337219945263,2013
3160,2014-03-31,沙特,6.84,1,SAU,1.099520017709408,0.7999835481880506,0.8022355401408621,2014
3161,2014-06-30,沙特,3.93,2,SAU,0.9094294511646356,0.8409441196398294,1.264949771744705,2014
3162,2014-09-30,沙特,2.06,3,SAU,0.9560895923360484,0.8848282430203316,0.9592058147727996,2014
3163,2014-12-31,沙特,2.55,4,SAU,0.8908325443899873,4.226903911518758,0.984873155049412,2014
3164,2015-03-31,沙特,3.12,1,SAU,0.9070025165632823,0.970675070416935,1.022682815903816,2015
3165,2015-06-30,沙特,5.38,2,SAU,0.9374329928455128,0.8741184518934219,1.010257421928734,2015
3166,2015-09-30,沙特,4.7,3,SAU,1.054514342520796,1.04791742646568,0.9102889290121624,2015
3167,2015-12-31,沙特,4.84,4,SAU,0.9503164363969956,1.007564501611141,0.9478155656460224,2015
3168,2016-03-31,沙特,3.34,1,SAU,2.789401803772299,1.831730585255229,1.51731800605278,2016
3169,2016-06-30,沙特,0.89,2,SAU,1.062333245728071,0.9594699902477084,1.103987974132401,2016
3170,2016-09-30,沙特,0.44,3,SAU,1.35216500949371,1.093993832381653,1.004457190341904,2016
3171,2016-12-31,沙特,2.84,4,SAU,1.00471687004809,1.319239857879965,1.546330125438288,2016
3172,2017-03-31,沙特,0.53,1,SAU,1.010760593270747,1.012369495118834,1.103818869834835,2017
3173,2017-06-30,沙特,0.28,2,SAU,1.18545625327924,1.245066983808341,1.236355382355419,2017
3174,2017-09-30,沙特,1.76,3,SAU,1.135658714496661,1.169712495190342,1.249020359486973,2017
3175,2017-12-31,沙特,1.07,4,SAU,1.3525217296173,1.204977946149591,1.151623495494922,2017
3176,2018-03-31,沙特,2.4,1,SAU,1.080478798369483,1.137990251740037,1.193625065314537,2018
3177,2018-06-30,沙特,2.91,2,SAU,0.63188789168107,0.6310935830306186,1.264392748804607,2018
3178,2018-09-30,沙特,3.08,3,SAU,1.167980685849134,1.179226751605646,1.146504209229984,2018
3179,2018-12-31,沙特,4.35,4,SAU,1.20020876673659,1.034059691072708,1.021686681542729,2018
3180,2019-03-31,沙特,1.35,1,SAU,1.056267713327661,1.071947626855396,1.164554116907191,2019
3181,2019-06-30,沙特,1.57,2,SAU,1.172041083483456,1.256785086745106,1.176401218426255,2019
3182,2019-09-30,沙特,0.91,3,SAU,1.129458649083923,1.114306220420143,1.175718003848794,2019
3183,2019-12-31,沙特,0.59,4,SAU,1.214654106070144,1.126915799607447,1.08361774027295,2019
3184,2020-03-31,沙特,-0.84,1,SAU,1.091926912466189,1.218140084632392,1.241583883265142,2020
3185,2020-06-30,沙特,-7.07,2,SAU,1.218327613304301,1.202188652424075,1.168365743558218,2020
3186,2020-09-30,沙特,-3.84,3,SAU,1.139403422373194,1.212213504287758,1.209773412216711,2020
3187,2020-12-31,沙特,-2.68,4,SAU,1.291809926381365,1.229201916807582,1.191687312172471,2020
3188,2021-03-31,沙特,0.52,1,SAU,0.5847315015269471,0.571767121650041,0.6180932714116739,2021
3189,2021-06-30,沙特,5.07,2,SAU,0.6949222705120855,0.6831133435296344,0.6422845285167832,2021
3190,2021-09-30,沙特,6.32,3,SAU,0.6261728359049934,0.6557824285395728,0.6251926140996162,2021
3191,2021-12-31,沙特,8.35,4,SAU,0.6594149061705704,0.6361916975427124,0.6008154675463264,2021
3192,2022-03-31,沙特,7.53,1,SAU,0.5832198346898152,0.6084619873349415,0.6592838947272698,2022
3193,2022-06-30,沙特,9.1,2,SAU,0.7412448956335813,0.6694594636445629,0.6580862007378163,2022
3194,2022-09-30,沙特,8,3,SAU,0.5707261132263309,0.529266349627039,0.6717520372573341,2022
3195,2022-12-31,沙特,5.57,4,SAU,0.6392415480628668,0.6060458355643653,0.5883473006166384,2022
3196,2023-03-31,沙特,3.21,1,SAU,0.5773055761675706,0.6280833736007616,0.6913181539591851,2023
3197,2023-06-30,沙特,1.65,2,SAU,0.7451287061502635,0.6683022071201301,0.6785949251961405,2023
3198,2023-09-30,沙特,-3.19,3,SAU,0.6495572103328341,0.6504362392822243,0.6783621569697835,2023
3199,2023-12-31,沙特,-4.29,4,SAU,0.713670424696316,0.7343777161514491,0.6591302130839095,2023
3329,2013-03-31,瑞士,1.5,1,CHE,1.611011195730685,2.203038598335648,1.21504845584451,2013
3330,2013-06-30,瑞士,2,2,CHE,0.8612428837370824,0.0,0.0,2013
3331,2013-09-30,瑞士,1.8,3,CHE,0.0,0.3789030659315292,1.088294532413649,2013
3332,2013-12-31,瑞士,2.1,4,CHE,0.8588248911006553,1.340645810958231,1.389886323202963,2013
3333,2014-03-31,瑞士,2.2,1,CHE,1.305696152818142,1.240262855306434,1.226928540998771,2014
3334,2014-06-30,瑞士,2.3,2,CHE,1.249038671421682,0.0,0.0,2014
3335,2014-09-30,瑞士,2.2,3,CHE,0.0,0.1237032528423716,1.200581796041238,2014
3336,2014-12-31,瑞士,2.6,4,CHE,1.171836254865498,0.8995938924318084,1.859985738217905,2014
3337,2015-03-31,瑞士,1.8,1,CHE,1.69963308276906,1.561827434304117,1.280416033685061,2015
3338,2015-06-30,瑞士,1.6,2,CHE,0.3597238110487075,0.0,0.0,2015
3339,2015-09-30,瑞士,1.6,3,CHE,0.0,0.0,1.065953540087096,2015
3340,2015-12-31,瑞士,1.4,4,CHE,0.9639565514272614,1.20311262113207,1.12246193686769,2015
3341,2016-03-31,瑞士,2,1,CHE,1.695948694208592,1.085778809808081,1.301661558161344,2016
3342,2016-06-30,瑞士,2.1,2,CHE,1.211091225970705,0.0,0.0,2016
3343,2016-09-30,瑞士,2.3,3,CHE,0.0,0.5756027135160499,1.138410930818255,2016
3344,2016-12-31,瑞士,1.9,4,CHE,1.150905075504835,1.130800309823324,1.154046162917,2016
3345,2017-03-31,瑞士,1.6,1,CHE,1.900850733420903,1.345213331889381,1.384322695649809,2017
3346,2017-06-30,瑞士,1.2,2,CHE,1.043842214591566,0.0,0.0,2017
3347,2017-09-30,瑞士,1,3,CHE,0.0,0.711826810838061,1.248214139939679,2017
3348,2017-12-31,瑞士,1.9,4,CHE,1.338956897906997,1.385265148309893,1.527785589020661,2017
3349,2018-03-31,瑞士,2.9,1,CHE,1.329739846130836,1.359974000555407,1.374388062403247,2018
3350,2018-06-30,瑞士,3.8,2,CHE,0.7289508459971952,0.0,0.0,2018
3351,2018-09-30,瑞士,2.8,3,CHE,0.0,0.0,1.204755299597977,2018
3352,2018-12-31,瑞士,2,4,CHE,1.287390826538781,1.155931096652878,1.251533282459914,2018
3353,2019-03-31,瑞士,1.1,1,CHE,1.545974265048973,1.659389147116141,1.34368337016461,2019
3354,2019-06-30,瑞士,0.5,2,CHE,1.341888149658413,0.0,0.0,2019
3355,2019-09-30,瑞士,1.3,3,CHE,0.0,1.102001637485948,1.244652803317263,2019
3356,2019-12-31,瑞士,1.7,4,CHE,1.180344653284227,1.202167924219426,1.287843665180058,2019
3357,2020-03-31,瑞士,0.1,1,CHE,1.123843360647575,1.293663938360739,1.293778135759203,2020
3358,2020-06-30,瑞士,-7,2,CHE,1.449051535284165,0.0,0.0,2020
3359,2020-09-30,瑞士,-1,3,CHE,0.0,0.4313321961848519,1.082636379848231,2020
3360,2020-12-31,瑞士,-1.2,4,CHE,1.209397433107846,1.393822127110016,1.433700356234678,2020
3361,2021-03-31,瑞士,0.6,1,CHE,1.097381022756515,0.9725014341256912,0.6797197558770587,2021
3362,2021-06-30,瑞士,10.5,2,CHE,0.7595034088750686,0.0,0.0,2021
3363,2021-09-30,瑞士,5.5,3,CHE,0.0,0.0,0.6551521753410036,2021
3364,2021-12-31,瑞士,5.3,4,CHE,0.639067335218124,0.715753511050427,0.8459905571915891,2021
3365,2022-03-31,瑞士,4.9,1,CHE,0.7768466455934471,0.7416329376332575,0.8116241579040109,2022
3366,2022-06-30,瑞士,3.2,2,CHE,0.5989562046003792,0.0,0.0,2022
3367,2022-09-30,瑞士,1.4,3,CHE,0.0,0.1447023185317565,0.6204562154229892,2022
3368,2022-12-31,瑞士,1.2,4,CHE,0.6233943684129755,0.6088820575431961,0.5794840469466336,2022
3369,2023-03-31,瑞士,1.6,1,CHE,1.0064946976755,0.676372212200399,0.6583143065602962,2023
3370,2023-06-30,瑞士,0.4,2,CHE,0.1068582820058277,0.0,0.0,2023
3371,2023-09-30,瑞士,0.4,3,CHE,0.0,0.0001962076338691,0.6438622808010249,2023
3372,2023-12-31,瑞士,0.7,4,CHE,0.609447516009307,0.5791637216954081,0.5790502561360451,2023
3442,2013-03-31,波兰,-0.4,1,POL,2.340015216843806,1.662694650366835,1.924686368108717,2013
3443,2013-06-30,波兰,0.6,2,POL,0.0585452388133966,0.0,0.0,2013
3444,2013-09-30,波兰,1.3,3,POL,0.0,0.0,0.6450138839423455,2013
3445,2013-12-31,波兰,1.9,4,POL,1.205256942906769,1.170576850603053,1.187416228006895,2013
3446,2014-03-31,波兰,3.4,1,POL,1.806953965175998,1.600034753763674,1.071613515625635,2014
3447,2014-06-30,波兰,3.7,2,POL,0.4220741465315899,0.0,0.0,2014
3448,2014-09-30,波兰,3.8,3,POL,0.0,0.0,1.120963138975681,2014
3449,2014-12-31,波兰,4.1,4,POL,1.255016752434102,0.9502030275464294,1.695086829770285,2014
3450,2015-03-31,波兰,4.4,1,POL,1.575319018656584,1.438529533659572,1.205846751586348,2015
3451,2015-06-30,波兰,3.9,2,POL,0.0,0.0,0.0,2015
3452,2015-09-30,波兰,4.4,3,POL,0.0,0.0,1.060127894364379,2015
3453,2015-12-31,波兰,4.4,4,POL,1.0259607278169,1.079078145082257,1.025221790327113,2015
3454,2016-03-31,波兰,2.5,1,POL,2.308642982480639,1.048184496396645,1.197392906189717,2016
3455,2016-06-30,波兰,3.4,2,POL,0.4268194548057457,0.0,0.0,2016
3456,2016-09-30,波兰,2.7,3,POL,0.0,0.0,1.203163958869888,2016
3457,2016-12-31,波兰,3.8,4,POL,1.137444451941793,1.199876329150825,1.268145839566147,2016
3458,2017-03-31,波兰,5.3,1,POL,2.394009044114692,1.483925017701142,1.433242971830949,2017
3459,2017-06-30,波兰,4.8,2,POL,0.340337056112962,0.0,0.0,2017
3460,2017-09-30,波兰,5.7,3,POL,0.0,0.0,1.369713032806174,2017
3461,2017-12-31,波兰,5.1,4,POL,1.349138140330869,1.228496017480891,1.20882951518095,2017
3462,2018-03-31,波兰,5.8,1,POL,1.939008207723364,1.771856820965034,1.856085303968877,2018
3463,2018-06-30,波兰,6.2,2,POL,3.41768380380959e-05,0.0,0.0,2018
3464,2018-09-30,波兰,6,3,POL,0.0,0.0,1.310765944081986,2018
3465,2018-12-31,波兰,5.5,4,POL,1.430156794720934,1.431758976754396,1.192821265420057,2018
3466,2019-03-31,波兰,5.1,1,POL,2.320655633318783,1.714238485067139,1.328152893348872,2019
3467,2019-06-30,波兰,4.6,2,POL,0.6580757206324374,0.0,0.0,2019
3468,2019-09-30,波兰,4.1,3,POL,0.0,0.0,1.275633575999921,2019
3469,2019-12-31,波兰,3.8,4,POL,1.415466396075955,1.350895114889852,1.38821489306457,2019
3470,2020-03-31,波兰,3,1,POL,1.151203896785134,1.357419804333157,1.439041516430626,2020
3471,2020-06-30,波兰,-7.2,2,POL,0.5453520401577393,0.0,0.0,2020
3472,2020-09-30,波兰,-1.7,3,POL,0.0,0.0,1.365327899951171,2020
3473,2020-12-31,波兰,-2.2,4,POL,1.323601708150898,1.421720915754683,1.298143577281575,2020
3474,2021-03-31,波兰,-0.7,1,POL,2.439559460100147,2.882448237315842,1.134722096660498,2021
3475,2021-06-30,波兰,12.2,2,POL,0.177010715926377,0.0,0.0,2021
3476,2021-09-30,波兰,7.2,3,POL,0.0,0.0,0.5894459851269352,2021
3477,2021-12-31,波兰,9.3,4,POL,1.017950321141413,1.028109704549625,1.538807267411442,2021
3478,2022-03-31,波兰,10.5,1,POL,1.385568731405416,1.104083529934079,1.194798205577533,2022
3479,2022-06-30,波兰,6.8,2,POL,0.0325394496871985,0.0,0.0,2022
3480,2022-09-30,波兰,5.1,3,POL,0.0,0.0,0.9439555751619656,2022
3481,2022-12-31,波兰,1.4,4,POL,0.973178874803738,1.068433099605613,1.112095317772765,2022
3482,2023-03-31,波兰,-1.1,1,POL,0.7330381058989328,1.042330996127767,1.116880652396615,2023
3483,2023-06-30,波兰,-0.5,2,POL,0.0,0.0,0.0,2023
3484,2023-09-30,波兰,0.2,3,POL,0.0,0.0,0.9773300848691142,2023
3485,2023-12-31,波兰,1.7,4,POL,0.9655314855211992,0.9573000132104056,0.9640173441949834,2023
