,date,country,GDP,quarter,ADM0_ISO,sum,mean,std,year
84,2013-03-31,中国,7.9,1,CHN,22330055.85923377,0.42879497429496133,2.806715309656975,2013
85,2013-06-30,中国,7.6,2,CHN,17722551.769656446,0.32865479281007987,2.572944129431485,2013
86,2013-09-30,中国,7.9,3,CHN,18190130.170049824,0.3426312593409894,3.5910200676335577,2013
87,2013-12-31,中国,7.7,4,CHN,28702655.91986868,0.5329945454894097,3.410763874426515,2013
88,2014-03-31,中国,7.5,1,CHN,22994343.47940329,0.4352362890292352,3.4575678489501893,2014
89,2014-06-30,中国,7.6,2,CHN,15732515.881021166,0.32878009132614633,2.518045063119943,2014
90,2014-09-30,中国,7.2,3,CHN,21158662.22188288,0.38913068287411384,2.470927707651947,2014
91,2014-12-31,中国,7.3,4,CHN,25539418.11316396,0.5546309668486203,3.646750107567877,2014
92,2015-03-31,中国,7.1,1,CHN,27062572.5380086,0.4996884929080037,2.680761053265716,2015
93,2015-06-30,中国,7.1,2,CHN,15230938.061810276,0.3060017381198174,2.583407945173104,2015
94,2015-09-30,中国,7,3,CHN,16873885.411260422,0.33395724289798245,2.5240144374104596,2015
95,2015-12-31,中国,6.9,4,CHN,25128212.63470466,0.48060372429156867,3.4989156782665543,2015
96,2016-03-31,中国,6.9,1,CHN,20778134.611059237,0.4748028126290156,3.1886177203790584,2016
97,2016-06-30,中国,6.8,2,CHN,15479207.146643445,0.3449773374229695,2.4660708407095675,2016
98,2016-09-30,中国,6.8,3,CHN,17891152.03851671,0.3785250181465624,3.5674228839849125,2016
99,2016-12-31,中国,6.9,4,CHN,25858446.95525408,0.5024941547106303,3.202433607738406,2016
100,2017-03-31,中国,7,1,CHN,32122131.21498399,0.5871969169004708,3.0725896734908704,2017
101,2017-06-30,中国,7,2,CHN,24424963.784119356,0.44633135181004846,2.4458490111091753,2017
102,2017-09-30,中国,6.9,3,CHN,30050548.31480004,0.5487940082512229,2.5614596129500415,2017
103,2017-12-31,中国,6.8,4,CHN,36312509.34424885,0.6628458230252222,2.922999263563126,2017
104,2018-03-31,中国,6.9,1,CHN,34402698.71835196,0.6285690892701468,3.0501378622166495,2018
105,2018-06-30,中国,6.9,2,CHN,24638185.84667511,0.2421826923750425,1.8344509732058885,2018
106,2018-09-30,中国,6.7,3,CHN,26841518.860084746,0.4906466214579493,2.886906482014769,2018
107,2018-12-31,中国,6.5,4,CHN,35761540.27152493,0.6536528802050998,3.337635294057671,2018
108,2019-03-31,中国,6.3,1,CHN,33987058.793664254,0.6236327335405885,3.2048691390874127,2019
109,2019-06-30,中国,6,2,CHN,26693247.632037815,0.4887382789187962,2.9302206691738752,2019
110,2019-09-30,中国,5.9,3,CHN,29733087.282601926,0.5441456683357275,3.432943143468954,2019
111,2019-12-31,中国,5.8,4,CHN,40385191.89456452,0.7388630033503135,3.55526276797293,2019
112,2020-03-31,中国,-6.9,1,CHN,35480575.26981108,0.6656041377670139,3.412205263225939,2020
113,2020-06-30,中国,3.1,2,CHN,28161499.772630285,0.5147335209749796,7.2694712061469815,2020
114,2020-09-30,中国,4.8,3,CHN,32876475.307134952,0.6005117328694928,13.011194986695878,2020
115,2020-12-31,中国,6.4,4,CHN,42794193.90887752,0.7811252357867572,4.6894745760815715,2020
116,2021-03-31,中国,18.7,1,CHN,42868262.847190894,0.32189529442731485,2.495853697421215,2021
117,2021-06-30,中国,8.3,2,CHN,31453963.97168821,0.23624855923625554,1.9597138067699242,2021
118,2021-09-30,中国,5.2,3,CHN,34367890.83163465,0.2581510206711392,2.2222692048052326,2021
119,2021-12-31,中国,4.3,4,CHN,46371695.947642505,0.3481753152333855,2.359455223355769,2021
120,2022-03-31,中国,4.8,1,CHN,48149952.27902677,0.3615623003954878,2.5402285041624424,2022
121,2022-06-30,中国,0.4,2,CHN,35651332.22816219,0.26773785343814244,2.273972710861522,2022
122,2022-09-30,中国,3.9,3,CHN,29449911.71212056,0.22119234560142942,1.799034192300651,2022
123,2022-12-31,中国,2.9,4,CHN,48429760.88332089,0.3636336077006877,2.3860192670491576,2022
124,2023-03-31,中国,4.5,1,CHN,49182491.86162337,0.36934855299527175,2.4406680383079222,2023
125,2023-06-30,中国,6.3,2,CHN,33769812.1586637,0.2536314096187055,2.033025244243808,2023
126,2023-09-30,中国,4.9,3,CHN,41062742.298246056,0.30836547671983977,2.499765572275429,2023
127,2023-12-31,中国,5.2,4,CHN,55211688.980573416,0.41455719463894436,2.7260267202136106,2023
128,2024-03-31,中国,5.3,1,CHN,50185742.87338217,0.3768905029428654,2.545172820306392,2024
390,2013-03-31,美国,1.7009,1,USA,68201268.08672935,1.0675964599174999,6.280838358183678,2013
391,2013-06-30,美国,1.5202,2,USA,32967498.316030975,0.5314397292340383,5.355717450314366,2013
392,2013-09-30,美国,2.237,3,USA,36047176.15094818,0.5725925110857109,5.660443125322328,2013
393,2013-12-31,美国,3.0086,4,USA,78275776.7878762,1.2188352101806663,6.587460533937215,2013
394,2014-03-31,美国,1.651,1,USA,81050933.98626296,1.2651062219601827,7.405670741360318,2014
395,2014-06-30,美国,2.6889,2,USA,31536483.340400357,0.5037968173310233,5.073313298733968,2014
396,2014-09-30,美国,3.0593,3,USA,40037062.828146935,0.624367168811212,5.7279847597522995,2014
397,2014-12-31,美国,2.6859,4,USA,76249852.85736343,1.2037785323045387,7.182402599017517,2014
398,2015-03-31,美国,3.969,1,USA,83193736.12745093,1.2959526555795995,6.872232978017838,2015
399,2015-06-30,美国,3.2789,2,USA,26895990.462694556,0.44297620793452985,5.025112808999442,2015
400,2015-09-30,美国,2.4475,3,USA,35898745.08821888,0.6136680710835937,5.609744050119642,2015
401,2015-12-31,美国,2.12,4,USA,70741310.67605539,1.1231263489542789,8.564126651306962,2015
402,2016-03-31,美国,1.7952,1,USA,71224845.62281382,1.1937521542104634,7.39861264759191,2016
403,2016-06-30,美国,1.4934,2,USA,30718881.42573178,0.53295834548752,4.988949943343816,2016
404,2016-09-30,美国,1.8057,3,USA,37816584.741175026,0.6084402488731954,28.884427829424737,2016
405,2016-12-31,美国,2.1819,4,USA,73153104.96332008,1.1431970331802026,7.310265829814267,2016
406,2017-03-31,美国,2.0872,1,USA,80850074.07565725,1.2580948906888085,6.571792102713069,2017
407,2017-06-30,美国,2.3302,2,USA,35111103.214874685,0.5468376475630726,6.213078758370602,2017
408,2017-09-30,美国,2.4112,3,USA,45367566.117667206,0.7058296421652086,6.6836244654920876,2017
409,2017-12-31,美国,2.9941,4,USA,83936128.28172134,1.305341802760343,7.869653560476718,2017
410,2018-03-31,美国,3.3292,1,USA,80594215.46887796,1.2534701944279478,7.440456703360499,2018
411,2018-06-30,美国,3.2993,2,USA,35859710.74603239,0.12151204603102189,3.9423948559232547,2018
412,2018-09-30,美国,3.1301,3,USA,40045385.895862274,0.6229107435989855,6.569364398721717,2018
413,2018-12-31,美国,2.125,4,USA,76722954.03751965,1.1934847368433694,9.157214465052478,2018
414,2019-03-31,美国,1.8514,1,USA,83379202.02728097,1.2973880047510686,8.569534173500482,2019
415,2019-06-30,美国,2.1538,2,USA,36674253.69567116,0.5714529297390064,10.044262228955354,2019
416,2019-09-30,美国,2.6701,3,USA,44880462.39751071,0.6990688215839627,7.955395563088305,2019
417,2019-12-31,美国,3.1825,4,USA,78895921.81042981,1.2270871448575615,8.170097991446449,2019
418,2020-03-31,美国,1.2265,1,USA,72226584.82056314,1.1249871077041014,7.9537172182730105,2020
419,2020-06-30,美国,-7.5285,2,USA,35100413.59973814,0.5464782506600463,5.376828887721504,2020
420,2020-09-30,美国,-1.4689,3,USA,44157814.40527184,0.6870461869307568,6.021958390504733,2020
421,2020-12-31,美国,-1.0835,4,USA,79260137.69883722,1.2329565967454263,7.100800016664991,2020
422,2021-03-31,美国,1.5722,1,USA,89751571.08686042,0.0826714173957425,1.9689185387168653,2021
423,2021-06-30,美国,11.9502,2,USA,36317097.136093505,0.03345436623789513,1.3159388319252476,2021
424,2021-09-30,美国,4.7353,3,USA,43248764.42961387,0.039837547773597264,1.229063063096486,2021
425,2021-12-31,美国,5.4212,4,USA,76957119.30183674,0.070886103122892,1.8739276141891879,2021
426,2022-03-31,美国,3.5654,1,USA,94962675.44812255,0.08747149235261831,2.1217763005663044,2022
427,2022-06-30,美国,1.871,2,USA,40501136.14546344,0.0373067632218349,1.3511850538483656,2022
428,2022-09-30,美国,1.713,3,USA,43893309.488829195,0.04043371395284657,1.2465388600633827,2022
429,2022-12-31,美国,0.6518,4,USA,102612052.28429031,0.09451703156731221,2.2815717396158335,2022
430,2023-03-31,美国,1.7177,1,USA,93432565.7849843,0.08606256144673351,1.8345370162124717,2023
431,2023-06-30,美国,2.3825,2,USA,36231346.95361953,0.03337719186735833,1.4209170365075945,2023
432,2023-09-30,美国,2.9271,3,USA,50068097.132216536,0.0461188461496267,1.4183691742224116,2023
433,2023-12-31,美国,3.1346,4,USA,92047120.57506104,0.0847857217001256,2.0514301052435786,2023
434,2024-03-31,美国,2.9237,1,USA,107300899.1699218,0.0988374836915228,2.749737941714854,2024
519,2013-03-31,德国,-0.4,1,DEU,4014575.7590086446,1.5174668096604609,4.117790578045189,2013
520,2013-06-30,德国,0.5,2,DEU,354443.38989263034,0.13517838001551089,0.804073825132436,2013
521,2013-09-30,德国,0.7,3,DEU,922632.9896513365,0.3501605981968014,1.8792610966311594,2013
522,2013-12-31,德国,1.5,4,DEU,2901399.4626957346,1.1070973498036614,4.118761592956756,2013
523,2014-03-31,德国,2.9,1,DEU,3304143.8093275814,1.2521586051875329,5.3892368030672655,2014
524,2014-06-30,德国,1.8,2,DEU,367701.8999612834,0.13952752133363008,0.7468876635493716,2014
525,2014-09-30,德国,1.8,3,DEU,992156.8431855129,0.3750522488371297,1.303152802270527,2014
526,2014-12-31,德国,2.3,4,DEU,3204516.912175335,1.2546934393795297,4.538185290496247,2014
527,2015-03-31,德国,0.8,1,DEU,3795792.2158015477,1.4350461208110337,4.234095275280348,2015
528,2015-06-30,德国,1.6,2,DEU,0.0,0.0,0.0,2015
529,2015-09-30,德国,1.5,3,DEU,923350.6697939136,0.355356424060506,1.438655375576548,2015
530,2015-12-31,德国,1.1,4,DEU,2952116.2297083884,1.1170461755903116,5.010541706787248,2015
531,2016-03-31,德国,2.5,1,DEU,3306374.4592935666,1.2545123741420847,4.0099628955467,2016
532,2016-06-30,德国,2.2,2,DEU,375517.10993072035,0.1435648451255247,0.7506901833849707,2016
533,2016-09-30,德国,2,3,DEU,982919.463238607,0.384333796124756,1.455591523550799,2016
534,2016-12-31,德国,1.9,4,DEU,3030520.299593409,1.1455630635134884,3.890073083397601,2016
535,2017-03-31,德国,2.3,1,DEU,3969459.4688061457,1.5005689919551515,4.41818724222835,2017
536,2017-06-30,德国,2.7,2,DEU,584449.733186599,0.22092230357546871,1.0253148558713703,2017
537,2017-09-30,德国,3.2,3,DEU,1205238.9427876244,0.4556299593357849,2.5857924318318437,2017
538,2017-12-31,德国,3.8,4,DEU,3371575.057398111,1.2743822262309685,3.771335110393173,2017
539,2018-03-31,德国,1.9,1,DEU,3866165.1545743346,1.4613283705612565,4.515281945911057,2018
540,2018-06-30,德国,1.8,2,DEU,406237.093188372,0.0986962193441922,0.686096117544127,2018
541,2018-09-30,德国,0.2,3,DEU,1177296.8764867764,0.4460523998299503,1.5273397917638867,2018
542,2018-12-31,德国,0.1,4,DEU,3623778.9156557084,1.3697099339660526,4.562991925310994,2018
543,2019-03-31,德国,1.4,1,DEU,3793453.858508285,1.4338483977275904,4.201849869915846,2019
544,2019-06-30,德国,0.6,2,DEU,643108.4598107507,0.24308430647449633,1.2221079287599184,2019
545,2019-09-30,德国,1.5,3,DEU,1088256.8728064636,0.411363996056495,1.2498499677974333,2019
546,2019-12-31,德国,0.9,4,DEU,3526298.147940967,1.332863436493999,4.225154021616023,2019
547,2020-03-31,德国,-1.5,1,DEU,3509149.8925325754,1.3263880422982213,4.496155281912099,2020
548,2020-06-30,德国,-10.6,2,DEU,323689.02977440256,0.1223475460016671,0.7153749143344613,2020
549,2020-09-30,德国,-2.6,3,DEU,1210187.5195723164,0.4574335301148043,1.3299644066790144,2020
550,2020-12-31,德国,-2.1,4,DEU,3721793.0770116244,1.4067673806144276,4.814821961462841,2020
551,2021-03-31,德国,-1.6,1,DEU,5710607.1352381995,1.3859854538501875,5.945305277949147,2021
552,2021-06-30,德国,10.8,2,DEU,659499.6397961186,0.16018100580030883,0.8891088860301136,2021
553,2021-09-30,德国,2.4,3,DEU,952957.1262890627,0.23149676467843283,1.0618773116979423,2021
554,2021-12-31,德国,1.6,4,DEU,3686617.5344027965,0.8947828651740721,3.1711191786488335,2021
555,2022-03-31,德国,4,1,DEU,4066505.2469189293,0.986963732325903,3.694944944418959,2022
556,2022-06-30,德国,1.6,2,DEU,344781.229878007,0.0836795244079393,0.7140141562121266,2022
557,2022-09-30,德国,1.2,3,DEU,1203284.835793664,0.29204326454595814,1.0735576792242065,2022
558,2022-12-31,德国,0.8,4,DEU,3662966.887098634,0.8890150775333189,2.9994811172770603,2022
559,2023-03-31,德国,0.1,1,DEU,4072658.634114735,0.9884536834355862,3.523740918794992,2023
560,2023-06-30,德国,0.2,2,DEU,0.0,0.0,0.0,2023
561,2023-09-30,德国,-0.1,3,DEU,1292994.6854047289,0.3138129437582589,1.3869141019744158,2023
562,2023-12-31,德国,-0.2,4,DEU,3617534.6442808807,0.8780484763651867,3.227051561564545,2023
563,2024-03-31,德国,-0.2,1,DEU,5486053.078747058,1.331513925604638,4.661100718140859,2024
792,2013-03-31,日本,0,1,JPN,3939730.519828689,1.797938027774218,6.108890976688111,2013
793,2013-06-30,日本,1.8,2,JPN,2034230.796668465,0.9300302175265109,3.8347510754983243,2013
794,2013-09-30,日本,3.1,3,JPN,2522407.319956006,1.159683814776055,4.922077150398032,2013
795,2013-12-31,日本,3.1,4,JPN,3459905.823166927,1.577306176122735,5.7586532661706835,2013
796,2014-03-31,日本,2.9,1,JPN,3876808.12631001,1.7800037895235459,6.09141411031073,2014
797,2014-06-30,日本,-0.1,2,JPN,1998493.5598005552,0.9673734502543136,3.8835675817350324,2014
798,2014-09-30,日本,-1.1,3,JPN,2823219.0364917642,1.2914940835927573,4.890978570677975,2014
799,2014-12-31,日本,-0.5,4,JPN,3316308.8663455658,2.0198580485040556,6.42584303402199,2014
800,2015-03-31,日本,0.3,1,JPN,3705856.876217533,1.6913560039801157,5.678722721947726,2015
801,2015-06-30,日本,2.4,2,JPN,1807845.8163672118,0.9271633885897049,3.883621212055319,2015
802,2015-09-30,日本,2.2,3,JPN,2735920.2096698093,1.2866218304139834,4.80991975794043,2015
803,2015-12-31,日本,1.5,4,JPN,3166399.663223118,1.4617090240294661,5.449972046815259,2015
804,2016-03-31,日本,1,1,JPN,3667309.016186246,1.697353049686518,6.156216604277212,2016
805,2016-06-30,日本,0.5,2,JPN,1913943.4498463273,0.9808794843998303,4.663724424161353,2016
806,2016-09-30,日本,0.5,3,JPN,2564788.733245556,1.2129945587961137,5.070739836476641,2016
807,2016-12-31,日本,1,4,JPN,3266616.8830005224,1.513004986327929,5.4535334804593845,2016
808,2017-03-31,日本,1,1,JPN,4114730.2332891044,1.8717991871231987,6.283928716131375,2017
809,2017-06-30,日本,1.4,2,JPN,2349819.2997165704,1.0699938147763526,4.328916335374795,2017
810,2017-09-30,日本,2,3,JPN,3037990.809895868,1.3824246105800195,4.798862745602194,2017
811,2017-12-31,日本,2.2,4,JPN,3968837.299493855,1.8052751760584451,6.139255328318938,2017
812,2018-03-31,日本,1.4,1,JPN,4485070.029770179,2.039986648998736,6.607088032036992,2018
813,2018-06-30,日本,1.3,2,JPN,2235409.113186562,0.10167163210648973,1.3241796154400753,2018
814,2018-09-30,日本,0,3,JPN,2920401.446549516,1.3293157323712057,4.885359672216365,2018
815,2018-12-31,日本,-0.1,4,JPN,3601043.596745009,1.637988267329102,5.605962268378477,2018
816,2019-03-31,日本,-0.2,1,JPN,4134017.9064080273,1.8813035212529927,6.34769122486129,2019
817,2019-06-30,日本,0,2,JPN,2256441.116478735,1.029450857047235,4.2578235851224875,2019
818,2019-09-30,日本,0.6,3,JPN,3082423.0828640554,1.4032692903750383,5.03228015044902,2019
819,2019-12-31,日本,-2,4,JPN,3722929.516589219,1.693351357980369,5.65632548574029,2019
820,2020-03-31,日本,-1.7,1,JPN,3732286.2529416736,1.7045566653986157,5.9058794580529534,2020
821,2020-06-30,日本,-9.7,2,JPN,2198313.549677457,1.0004626229516178,4.295272424557657,2020
822,2020-09-30,日本,-5,3,JPN,2536014.5865260065,1.1535671457142909,4.219072334677715,2020
823,2020-12-31,日本,-0.4,4,JPN,3715529.893192273,1.690144658888805,6.022836830008271,2020
824,2021-03-31,日本,-0.6,1,JPN,4431848.272763468,0.11625464038395221,1.6628189880528998,2021
825,2021-06-30,日本,8,2,JPN,2331665.306412069,0.06116625553924646,1.0142063003148967,2021
826,2021-09-30,日本,2.3,3,JPN,2944025.8561487533,0.07722748478967127,1.2703611029307773,2021
827,2021-12-31,日本,1.6,4,JPN,3601436.6293451954,0.09447123385000812,1.3623414319441063,2021
828,2022-03-31,日本,0.7,1,JPN,4643902.935731618,0.12181693583547597,1.7010869358645213,2022
829,2022-06-30,日本,1.7,2,JPN,2494081.509455584,0.06542415309614967,1.0139826956254685,2022
830,2022-09-30,日本,1.7,3,JPN,2105388.266534231,0.05522925702816827,0.8781347945646107,2022
831,2022-12-31,日本,0.7,4,JPN,3917389.736393239,0.10275923463884856,1.4666038164024464,2022
832,2023-03-31,日本,2.6,1,JPN,4609379.072108673,0.12091184532567674,1.6921034727757769,2023
833,2023-06-30,日本,2.2,2,JPN,2149019.2763171177,0.056373865698316566,0.922932063692684,2023
834,2023-09-30,日本,1.5,3,JPN,3312218.932046553,0.08688474380478121,1.2687608008717748,2023
835,2023-12-31,日本,1,4,JPN,3903099.414371178,0.10238527479718063,1.5629962101570871,2023
836,2024-03-31,日本,-0.7,1,JPN,4090241.278051119,0.1072945659937977,1.644379837729369,2024
900,2013-03-31,印度,4.3,1,IND,10064546.326711208,0.6831313340098054,3.6071296207756087,2013
901,2013-06-30,印度,6.45,2,IND,9454762.360251602,0.5904538664541829,2.843333162855307,2013
902,2013-09-30,印度,7.34,3,IND,5922098.452073064,0.37430022318700074,2.2317853198896205,2013
903,2013-12-31,印度,6.53,4,IND,11875279.686921284,0.7693233103853142,4.01792107752398,2013
904,2014-03-31,印度,5.34,1,IND,11270706.572823385,0.7241058466702893,3.582834759819301,2014
905,2014-06-30,印度,8.02,2,IND,10541622.059414221,0.6642514507601058,3.0461373368836604,2014
906,2014-09-30,印度,8.7,3,IND,9231667.824194329,0.5822479269644045,3.1250727486039556,2014
907,2014-12-31,印度,5.92,4,IND,11002386.089805076,0.8367462185255251,4.983675476306253,2014
908,2015-03-31,印度,7.11,1,IND,12764265.988713115,0.797775799928211,4.103194456311689,2015
909,2015-06-30,印度,7.59,2,IND,10733527.122617783,0.6733041760322611,4.144314671794748,2015
910,2015-09-30,印度,8.03,3,IND,8849605.050626388,0.5636533234985687,3.411993844676314,2015
911,2015-12-31,印度,7.2,4,IND,12728422.749664987,0.7964439424693767,3.752099377563258,2015
912,2016-03-31,印度,9.09,1,IND,10764565.30296556,0.8127494319007084,3.8001871725269836,2016
913,2016-06-30,印度,8.68,2,IND,11149528.549187675,0.701504419642478,3.29997538393656,2016
914,2016-09-30,印度,9.67,3,IND,8458265.8637343,0.5442906353728924,2.7688966056078006,2016
915,2016-12-31,印度,8.58,4,IND,12137559.773204535,0.8464399861403885,8.821608388798603,2016
916,2017-03-31,印度,6.29,1,IND,14250413.108324962,0.8897122948469655,4.597719904489947,2017
917,2017-06-30,印度,6.11,2,IND,14465550.799660137,0.9019675986545718,3.8897605716320087,2017
918,2017-09-30,印度,5.32,3,IND,12124998.135549715,0.756279047578187,4.147915364285023,2017
919,2017-12-31,印度,6.67,4,IND,15508692.766494421,0.9665522630863114,3.1645270741972316,2017
920,2018-03-31,印度,8.93,1,IND,14972686.447176099,0.9332568465576987,3.062166720319985,2018
921,2018-06-30,印度,7.5,2,IND,14931032.786062649,0.4955025590742565,2.105667927944545,2018
922,2018-09-30,印度,6.46,3,IND,10612997.740151742,0.6617583518369222,2.6790368625350083,2018
923,2018-12-31,印度,6.23,4,IND,15497154.073570559,0.9661098216386396,3.4905755275947548,2018
924,2019-03-31,印度,5.72,1,IND,15198593.040527144,0.95018165286348,3.2471345475855036,2019
925,2019-06-30,印度,5.1,2,IND,15741652.602038404,0.9812390305241031,2.9517789049836374,2019
926,2019-09-30,印度,4.3,3,IND,10280565.084623264,0.6424520228917345,2.4009666645546326,2019
927,2019-12-31,印度,3.26,4,IND,14872922.91966579,0.9279545129868243,2.977077942715122,2019
928,2020-03-31,印度,2.94,1,IND,15439980.719829515,0.9794973265712593,3.075964571015449,2020
929,2020-06-30,印度,-23.13,2,IND,15191970.374158187,0.9469386349524962,4.245873898810105,2020
930,2020-09-30,印度,-5.84,3,IND,10780853.018798403,0.6723027586263056,2.0565358910536875,2020
931,2020-12-31,印度,1.78,4,IND,16702835.667284144,1.0409653177005305,5.207803335907889,2020
932,2021-03-31,印度,3.29,1,IND,16203811.338539653,0.33477001258883216,1.7719619505620494,2021
933,2021-06-30,印度,22.63,2,IND,16754789.136690186,0.3461838939172071,1.7663544513045821,2021
934,2021-09-30,印度,9.87,3,IND,12460884.185413787,0.25746411045233464,1.3400235328920953,2021
935,2021-12-31,印度,5.53,4,IND,17556318.047086406,0.3627212315548953,1.8600479054726156,2021
936,2022-03-31,印度,4.45,1,IND,18276449.14496721,0.37758508118669526,1.9721110503482908,2022
937,2022-06-30,印度,12.81,2,IND,18812935.323944982,0.38868554429027175,1.7792739052668154,2022
938,2022-09-30,印度,5.46,3,IND,11203366.027629888,0.23147136406124622,1.2887997007737486,2022
939,2022-12-31,印度,4.26,4,IND,18854241.719664197,0.38952202979385686,3.7634703716039652,2022
940,2023-03-31,印度,6.18,1,IND,19349134.229312062,0.3997743661189877,2.0628924170386465,2023
941,2023-06-30,印度,8.24,2,IND,20546179.154274512,0.42448218762008993,3.728562565288582,2023
942,2023-09-30,印度,8.08,3,IND,15402360.453441143,0.3182234623140268,1.8521325409600173,2023
943,2023-12-31,印度,8.57,4,IND,21060913.364784956,0.4351122021470612,2.152133811601216,2023
944,2024-03-31,印度,7.76,1,IND,17476751.72101069,0.3610716715035923,1.896368753448244,2024
1173,2013-03-31,英国,0.99,1,GBR,4230506.480048345,2.211027080838569,8.604779273487347,2013
1174,2013-06-30,英国,1.86,2,GBR,476985.0929577556,0.2469768176056768,1.719700389406647,2013
1175,2013-09-30,英国,1.74,3,GBR,918985.7635212977,0.48371872479520467,2.485256184292273,2013
1176,2013-12-31,英国,2.57,4,GBR,3723414.739681164,1.9866749491192994,6.868294007832468,2013
1177,2014-03-31,英国,3.12,1,GBR,3836526.452972283,2.000169265825441,6.825685587828629,2014
1178,2014-06-30,英国,3.27,2,GBR,12069.246652520573,0.0062480440136795335,0.19138918095547,2014
1179,2014-09-30,英国,3.19,3,GBR,1301764.8764487803,0.6742394409373413,2.3149301445563752,2014
1180,2014-12-31,英国,3.2,4,GBR,3813806.0797278075,2.174091465840901,7.978505115469779,2014
1181,2015-03-31,英国,2.66,1,GBR,4279190.272723528,2.219062295312999,7.314832318487952,2015
1182,2015-06-30,英国,2.36,2,GBR,0.0,0.0,0.0,2015
1183,2015-09-30,英国,2,3,GBR,980633.9267647694,0.511643545466283,1.9984004569664542,2015
1184,2015-12-31,英国,1.87,4,GBR,3613008.236462464,1.8726870009874599,6.430778817032337,2015
1185,2016-03-31,英国,1.94,1,GBR,3666558.4795716717,2.0062202861462377,7.536320342778563,2016
1186,2016-06-30,英国,1.91,2,GBR,29548.993305303156,0.015340125427476167,0.23979351877843588,2016
1187,2016-09-30,英国,1.89,3,GBR,1100945.0025891117,0.6018648369220764,5.983337616910423,2016
1188,2016-12-31,英国,1.95,4,GBR,3603874.059974199,1.865266005973085,8.23025933225621,2016
1189,2017-03-31,英国,2.43,1,GBR,3561994.155973908,1.8441097726819573,6.3681418775981316,2017
1190,2017-06-30,英国,2.52,2,GBR,400100.25997792435,0.20726083817965132,1.4145976739175248,2017
1191,2017-09-30,英国,2.79,3,GBR,1154380.7696829846,0.597631782324106,1.8682861172219685,2017
1192,2017-12-31,英国,2.87,4,GBR,3668690.269702787,1.8987507606527343,8.225461599677303,2017
1193,2018-03-31,英国,2.07,1,GBR,3882976.471999167,2.0096701653935747,6.461170681825756,2018
1194,2018-06-30,英国,1.59,2,GBR,0.0,0.0,0.0,2018
1195,2018-09-30,英国,1.28,3,GBR,697971.8597992511,0.3614795674496023,1.545935724435802,2018
1196,2018-12-31,英国,0.69,4,GBR,3586448.506527441,1.8561860852762926,6.7000623971196305,2018
1197,2019-03-31,英国,1.36,1,GBR,3679102.2128208545,1.904152549075085,6.477875598085915,2019
1198,2019-06-30,英国,1.52,2,GBR,392591.5965993677,0.20398045600914438,1.3381156867526762,2019
1199,2019-09-30,英国,1.92,3,GBR,1045173.6195875934,0.5413853327011796,1.9697655445900955,2019
1200,2019-12-31,英国,1.77,4,GBR,3335987.223127553,1.7265587681232326,6.7980244881685685,2019
1201,2020-03-31,英国,-1.72,1,GBR,3312508.463021398,1.715543481715568,7.27527235255359,2020
1202,2020-06-30,英国,-21.94,2,GBR,28261.339993736397,0.014626811440945034,0.2333606836706654,2020
1203,2020-09-30,英国,-9.51,3,GBR,1121747.1864353355,0.5836016683923747,1.8958291066587216,2020
1204,2020-12-31,英国,-8.26,4,GBR,3473707.548163075,1.797837670847357,7.193808323252188,2020
1205,2021-03-31,英国,-6.66,1,GBR,4233913.645562458,0.4343518301863354,3.6025845627182544,2021
1206,2021-06-30,英国,25.73,2,GBR,44814.050049525365,0.0045974067726397665,0.1792506154727925,2021
1207,2021-09-30,英国,9.52,3,GBR,398339.0999252126,0.04086600967302017,0.5764739309465637,2021
1208,2021-12-31,英国,9.69,4,GBR,3341531.235433176,0.3428018897128467,2.6065173812068725,2021
1209,2022-03-31,英国,11.42,1,GBR,3830620.3152460386,0.3929767641946594,2.8308217249329135,2022
1210,2022-06-30,英国,3.9,2,GBR,36380.2232999305,0.003732211785605167,0.11406321316738266,2022
1211,2022-09-30,英国,2.07,3,GBR,1104773.9392266597,0.1133571763081873,1.7659724821364886,2022
1212,2022-12-31,英国,0.64,4,GBR,3357408.337730573,0.34443056357269713,2.462516849290037,2022
1213,2023-03-31,英国,0.29,1,GBR,3671440.331285672,0.37664736729350984,2.938510364995919,2023
1214,2023-06-30,英国,0.21,2,GBR,0.0,0.0,0.0,2023
1215,2023-09-30,英国,0.17,3,GBR,1097506.1331694594,0.1125933245375399,1.194748570325213,2023
1216,2023-12-31,英国,-0.25,4,GBR,3618493.5648273826,0.3712292929796038,3.9562992683688716,2023
1217,2024-03-31,英国,0.29,1,GBR,3815256.998212494,0.3914273236866927,3.291501189815826,2024
1370,2013-03-31,法国,-0.1,1,FRA,6165370.355991754,1.5438573520217183,7.193800727934426,2013
1371,2013-06-30,法国,1.2,2,FRA,1882847.8332506914,0.48381554306396635,2.110632023541734,2013
1372,2013-09-30,法国,0.9,3,FRA,2064652.4901995633,0.5031088481466998,3.4911281044601914,2013
1373,2013-12-31,法国,1.6,4,FRA,5466326.619064496,1.4029585605739994,7.690260482563062,2013
1374,2014-03-31,法国,1.5,1,FRA,5552670.239283551,1.3802833098908815,9.056035189715853,2014
1375,2014-06-30,法国,0.8,2,FRA,1755832.4065807902,0.4411165497437463,2.6298746712519683,2014
1376,2014-09-30,法国,1.4,3,FRA,2826927.576224539,0.6931875593458073,3.521502863486972,2014
1377,2014-12-31,法国,0.4,4,FRA,5577808.607844067,1.473304595090405,8.490004678342123,2014
1378,2015-03-31,法国,1,1,FRA,6160091.111957159,1.5019659755382913,8.884180586130094,2015
1379,2015-06-30,法国,1,2,FRA,895529.8498266586,0.2802304562840397,1.8493771146487656,2015
1380,2015-09-30,法国,0.7,3,FRA,2328584.749911967,0.5837334819217578,3.6709219615338533,2015
1381,2015-12-31,法国,1.2,4,FRA,5306547.155933699,1.3408706250484406,11.134683652218989,2015
1382,2016-03-31,法国,1,1,FRA,5297077.022946321,1.3956092520613896,10.450359223372502,2016
1383,2016-06-30,法国,0.6,2,FRA,1680285.5330682509,0.43672763714662327,2.49690493482576,2016
1384,2016-09-30,法国,0.5,3,FRA,2605998.1196256955,0.6600721820537309,3.601878409933326,2016
1385,2016-12-31,法国,0.8,4,FRA,5467769.973247263,1.4155735441299166,9.687937789955502,2016
1386,2017-03-31,法国,1.1,1,FRA,5922430.016145202,1.4430366621009847,10.719293417964268,2017
1387,2017-06-30,法国,2.2,2,FRA,2126981.486504096,0.6074176134740034,3.4414054491083914,2017
1388,2017-09-30,法国,2.9,3,FRA,2979457.0294791018,0.7576999906310725,4.470447101426226,2017
1389,2017-12-31,法国,2.9,4,FRA,5696712.47114919,1.383805878878871,9.802330412887722,2017
1390,2018-03-31,法国,2.2,1,FRA,5756435.237781701,1.4002573954212263,9.162502864476957,2018
1391,2018-06-30,法国,1.5,2,FRA,1355588.426346143,0.11145887525986024,0.31743253257439075,2018
1392,2018-09-30,法国,1.3,3,FRA,2378377.8432695996,0.6234378521570073,3.2423310863512333,2018
1393,2018-12-31,法国,1.4,4,FRA,5602281.542731382,1.359702880971344,9.252181539230477,2018
1394,2019-03-31,法国,2.4,1,FRA,5612070.356031138,1.3762408270121462,8.766314997328847,2019
1395,2019-06-30,法国,2.7,2,FRA,1941002.9532572012,0.549145733906423,2.129111692728901,2019
1396,2019-09-30,法国,2.2,3,FRA,2836232.1964497063,0.725393509088347,2.8752915079676793,2019
1397,2019-12-31,法国,1,4,FRA,5263216.120192704,1.2796282317869077,6.911026824385236,2019
1398,2020-03-31,法国,-5.1,1,FRA,5333673.4732048465,1.299191417744585,6.366835166557659,2020
1399,2020-06-30,法国,-17.2,2,FRA,1880247.969900898,0.5232977867748391,3.0718547884037393,2020
1400,2020-09-30,法国,-4.3,3,FRA,2647546.743426025,0.7284406655109897,2.738612632505997,2020
1401,2020-12-31,法国,-3.8,4,FRA,5403386.528902366,1.311292771557999,4.799683713114284,2020
1402,2021-03-31,法国,1.7,1,FRA,5979874.067166147,0.08910714330462116,0.6009866987391151,2021
1403,2021-06-30,法国,17.4,2,FRA,1961293.5631508622,0.10869047639980205,0.2539988498874001,2021
1404,2021-09-30,法国,4.4,3,FRA,2100359.360136471,0.09083333358700783,0.3693313556915127,2021
1405,2021-12-31,法国,5.1,4,FRA,5344857.013077284,0.10964285688740864,0.45159461337735346,2021
1406,2022-03-31,法国,4.7,1,FRA,5591506.209893675,0.0899404765860665,0.4833543118256965,2022
1407,2022-06-30,法国,3.7,2,FRA,1802697.779418641,0.11934523798880121,0.25903599230815844,2022
1408,2022-09-30,法国,1.4,3,FRA,2450394.4353506635,0.07060374166233603,0.3144017424898676,2022
1409,2022-12-31,法国,0.7,4,FRA,4648353.639343164,0.09232142893597484,0.37017344686559756,2022
1410,2023-03-31,法国,1,1,FRA,4652183.018525815,0.10732142809068869,0.40546721380510187,2023
1411,2023-06-30,法国,1.4,2,FRA,724755.6599248586,0.14648809532324472,0.22817127835349246,2023
1412,2023-09-30,法国,0.9,3,FRA,2110030.1515592616,0.08142857107200793,0.2669499723434526,2023
1413,2023-12-31,法国,1.2,4,FRA,4203091.906379703,0.1216666669629159,0.37884299031551794,2023
1414,2024-03-31,法国,1.3,1,FRA,4955488.34600121,0.0544642851288829,0.4428201548866348,2024
1479,2013-03-31,巴西,2.7211,1,BRA,11011304.651890839,0.31081882968136304,3.166624527818822,2013
1480,2013-06-30,巴西,4.0218,2,BRA,10436671.126733446,0.36920033709171,4.399066030503925,2013
1481,2013-09-30,巴西,2.759,3,BRA,10910985.19892729,0.5339181942041312,5.032473291390267,2013
1482,2013-12-31,巴西,2.5288,4,BRA,11176282.99421109,0.34598031614302166,4.514077722909936,2013
1483,2014-03-31,巴西,3.4694,1,BRA,11951225.606393045,0.31742329652808804,3.104504968507321,2014
1484,2014-06-30,巴西,-0.4353,2,BRA,10213941.794396823,0.6840222725545373,7.614955807129957,2014
1485,2014-09-30,巴西,-0.6388,3,BRA,11977054.22947207,0.446765400603747,5.309992958185636,2014
1486,2014-12-31,巴西,-0.2285,4,BRA,10473745.294507192,0.525433779144811,6.81767065866739,2014
1487,2015-03-31,巴西,-1.6194,1,BRA,14300582.100856686,0.36191692293507977,5.151137711980299,2015
1488,2015-06-30,巴西,-2.7404,2,BRA,9319168.170011489,0.6201247472760526,6.771032440099326,2015
1489,2015-09-30,巴西,-4.2628,3,BRA,10466760.97601434,0.5118260318561336,6.659748348350508,2015
1490,2015-12-31,巴西,-5.5196,4,BRA,11408434.055908328,0.36801322646857754,6.125264681934897,2015
1491,2016-03-31,巴西,-5.1382,1,BRA,9258328.340130223,0.3536636352647367,4.7161185029895485,2016
1492,2016-06-30,巴西,-3.2185,2,BRA,10785806.21396092,0.434202741031885,5.059136503590575,2016
1493,2016-09-30,巴西,-2.4542,3,BRA,10503424.35730434,0.7851934424407166,7.761495309907058,2016
1494,2016-12-31,巴西,-2.2611,4,BRA,10261419.62041205,0.42060513116382275,4.663616400607333,2016
1495,2017-03-31,巴西,0.282,1,BRA,15922421.390167102,0.41002194632290667,3.330372792434274,2017
1496,2017-06-30,巴西,0.7875,2,BRA,17239310.003451623,0.424649525525502,3.2725474934098195,2017
1497,2017-09-30,巴西,1.6407,3,BRA,17294682.651851896,0.425734298685402,3.949475796703833,2017
1498,2017-12-31,巴西,2.5762,4,BRA,18231295.152790647,0.45314961537848925,3.5223570539229567,2017
1499,2018-03-31,巴西,1.905,1,BRA,15875126.212498656,0.39538295753021196,2.674117080833239,2018
1500,2018-06-30,巴西,1.6171,2,BRA,18079971.609288927,0.24633651079366622,2.596670828100601,2018
1501,2018-09-30,巴西,2.0568,3,BRA,16505422.452382611,0.4062144535199712,3.9932040567379694,2018
1502,2018-12-31,巴西,1.5546,4,BRA,16540728.052631857,0.41176216854527664,2.7039205726476787,2018
1503,2019-03-31,巴西,0.9013,1,BRA,15641000.788230365,0.39933115415389536,5.0254028815439495,2019
1504,2019-06-30,巴西,1.1725,2,BRA,14780978.760539547,0.36686021470763786,4.930094515673443,2019
1505,2019-09-30,巴西,1.1096,3,BRA,14898595.986335514,0.3691539871332843,3.0038487668454583,2019
1506,2019-12-31,巴西,1.6939,4,BRA,15963103.88087376,0.4020119043910717,4.541571589898267,2019
1507,2020-03-31,巴西,0.414,1,BRA,17493959.925629172,0.4480704200870374,8.369564091521346,2020
1508,2020-06-30,巴西,-10.1377,2,BRA,18937595.593903575,0.46528007688253764,4.348954289457438,2020
1509,2020-09-30,巴西,-3.0357,3,BRA,19407887.174421754,0.47664457748936284,3.3389387085774334,2020
1510,2020-12-31,巴西,-0.3339,4,BRA,18938153.836616077,0.46710317287325925,5.1479444855234355,2020
1511,2021-03-31,巴西,1.7498,1,BRA,16754231.993534127,0.16568437074042017,1.703286164734689,2021
1512,2021-06-30,巴西,12.3965,2,BRA,18421976.71659901,0.18175430524448666,2.1306245228801095,2021
1513,2021-09-30,巴西,4.213,3,BRA,20234549.501530368,0.19951103541049267,2.272267956636826,2021
1514,2021-12-31,巴西,1.4586,4,BRA,18724447.74452803,0.18479825367504463,2.030025703422492,2021
1515,2022-03-31,巴西,1.4734,1,BRA,17220113.338478018,0.17012961307191352,1.7878740162204165,2022
1516,2022-06-30,巴西,3.5439,2,BRA,20120709.69333152,0.19841915743219726,1.5543374955851526,2022
1517,2022-09-30,巴西,4.3218,3,BRA,18609469.830878887,0.18719132484588097,2.261754310263114,2022
1518,2022-12-31,巴西,2.6939,4,BRA,21481428.115228653,0.21202988119087643,1.7261345598397162,2022
1519,2023-03-31,巴西,4.2212,1,BRA,18884044.6519398,0.1864299782210752,1.9474642530610564,2023
1520,2023-06-30,巴西,3.4681,2,BRA,21833026.306779426,0.2152619930151394,1.9991002748933093,2023
1521,2023-09-30,巴西,1.9597,3,BRA,21496261.663996745,0.21190850069936032,3.120227688124256,2023
1522,2023-12-31,巴西,2.0532,4,BRA,24460939.167443592,0.24125609477108115,3.3508070769692146,2023
1523,2024-03-31,巴西,2.456,1,BRA,22087218.8470396,0.2179389761228257,2.495664538141541,2024
1648,2013-03-31,意大利,-2.9,1,ITA,5587627.409776264,2.9244414918383783,7.6466735749393315,2013
1649,2013-06-30,意大利,-2.2,2,ITA,2130415.799861999,1.1155830860020874,4.37360594106156,2013
1650,2013-09-30,意大利,-1.5,3,ITA,3719451.013165733,1.9481487628395424,6.333409283681409,2013
1651,2013-12-31,意大利,-0.9,4,ITA,5557037.439581589,2.908315865215433,7.993346545186718,2013
1652,2014-03-31,意大利,0.2,1,ITA,5556338.1530513195,2.908766047064218,8.896399268120753,2014
1653,2014-06-30,意大利,0.1,2,ITA,2158642.429952428,1.1304066043401757,3.742825701505449,2014
1654,2014-09-30,意大利,0.1,3,ITA,3938738.673091696,2.0615048913180813,7.834988058289127,2014
1655,2014-12-31,意大利,-0.1,4,ITA,5769687.729557186,3.0262009913704038,7.950455482683239,2014
1656,2015-03-31,意大利,0.1,1,ITA,5819730.366305351,3.0460003311851778,7.816294087413943,2015
1657,2015-06-30,意大利,0.5,2,ITA,1958692.2434048716,1.087521752551094,3.634321502263244,2015
1658,2015-09-30,意大利,0.5,3,ITA,3465710.196578949,1.821383401813992,5.842783491651289,2015
1659,2015-12-31,意大利,1.4,4,ITA,5465981.439657879,2.8628841419566644,8.514744338396664,2015
1660,2016-03-31,意大利,1.4,1,ITA,5506364.52647473,2.889234554062313,7.8281209192440615,2016
1661,2016-06-30,意大利,1.2,2,ITA,2075827.023147219,1.0925274777518397,3.5498822822727387,2016
1662,2016-09-30,意大利,1.6,3,ITA,3917861.439575176,2.070515914432131,6.672229599847912,2016
1663,2016-12-31,意大利,1.5,4,ITA,5677371.629654353,2.9712597665132177,8.05109416922408,2016
1664,2017-03-31,意大利,1.6,1,ITA,6184023.799229242,3.236382048212299,8.148972410555325,2017
1665,2017-06-30,意大利,1.8,2,ITA,2513557.71303924,1.315638958220143,4.290343556858642,2017
1666,2017-09-30,意大利,1.7,3,ITA,4264151.52614564,2.2316872445188065,6.02008528107761,2017
1667,2017-12-31,意大利,1.9,4,ITA,6323520.715496957,3.3093871546360614,8.224040690945976,2017
1668,2018-03-31,意大利,1.3,1,ITA,6099340.4956452465,3.192066711025836,7.88211075749664,2018
1669,2018-06-30,意大利,0.9,2,ITA,2168180.1896516457,0.2723368912852215,1.7672551242405143,2018
1670,2018-09-30,意大利,0.6,3,ITA,3013287.2296552514,1.5770201252635492,4.637495115038834,2018
1671,2018-12-31,意大利,0.3,4,ITA,5781951.389164503,3.0259657026701174,7.617566195836372,2018
1672,2019-03-31,意大利,0.5,1,ITA,6409423.6556532085,3.3543446722925556,8.447962046303266,2019
1673,2019-06-30,意大利,0.8,2,ITA,2479106.439870235,1.2977115973281843,4.052968347121163,2019
1674,2019-09-30,意大利,0.8,3,ITA,4017505.5361678177,2.102709896130513,5.719717206703738,2019
1675,2019-12-31,意大利,-0.2,4,ITA,5981156.032380164,3.1302131121362695,7.989075521502959,2019
1676,2020-03-31,意大利,-6.3,1,ITA,6047239.8361440925,3.1648329663332926,8.421445586242319,2020
1677,2020-06-30,意大利,-17.6,2,ITA,2313193.996234477,1.2106111359841067,3.8400253604047094,2020
1678,2020-09-30,意大利,-6.2,3,ITA,4105975.6395251174,2.1489259708925204,6.16972367133594,2020
1679,2020-12-31,意大利,-6,4,ITA,6018617.558814374,3.1498174093104105,7.280696374713102,2020
1680,2021-03-31,意大利,1.5,1,ITA,6506063.368877762,0.8171147025055463,4.434147439776383,2021
1681,2021-06-30,意大利,18.1,2,ITA,2319947.5165549614,0.291368848179052,1.8602504259657744,2021
1682,2021-09-30,意大利,6.6,3,ITA,3088816.2928392417,0.3879465713690593,2.2891379177508147,2021
1683,2021-12-31,意大利,8,4,ITA,5963335.525492172,0.7489524451283435,3.784747951376039,2021
1684,2022-03-31,意大利,6.6,1,ITA,6494718.425203364,0.8156898925518282,4.174948298623716,2022
1685,2022-06-30,意大利,5.3,2,ITA,2338439.0962192235,0.29369132010858595,1.7977635986209808,2022
1686,2022-09-30,意大利,2.8,3,ITA,3703561.4762639366,0.4651410310850393,2.479774503307818,2022
1687,2022-12-31,意大利,2,4,ITA,5626401.19875569,0.7066354692593655,3.6209863704289753,2022
1688,2023-03-31,意大利,2.2,1,ITA,6081319.628742893,0.7637709621849185,3.81511122554177,2023
1689,2023-06-30,意大利,0.6,2,ITA,1931619.4329529367,0.24262825596955676,1.3721615929360187,2023
1690,2023-09-30,意大利,0.6,3,ITA,3698292.0860064677,0.46448159363190467,3.088887846220756,2023
1691,2023-12-31,意大利,0.7,4,ITA,5953474.8319474505,0.747715061951585,3.846958292297313,2023
1692,2024-03-31,意大利,0.7,1,ITA,6526952.279558783,0.8197381992452857,4.067635523711484,2024
1897,2013-03-31,加拿大,1.57,1,CAN,52926794.398524314,0.6025524822999451,2.7620889909372064,2013
1898,2013-06-30,加拿大,1.82,2,CAN,1951865.4495024749,0.022422330871472065,0.4069108459603407,2013
1899,2013-09-30,加拿大,2.52,3,CAN,2749683.56616163,0.03166991045157493,0.6936139511099325,2013
1900,2013-12-31,加拿大,3.38,4,CAN,60159722.77525357,0.6852511909363331,2.591640652367093,2013
1901,2014-03-31,加拿大,2.64,1,CAN,49330707.5819247,0.5616711481439995,3.426693464302023,2014
1902,2014-06-30,加拿大,2.98,2,CAN,1972024.516043296,0.023591294705660033,0.7164231444157113,2014
1903,2014-09-30,加拿大,3.12,3,CAN,6933623.230495855,0.07915278625731957,0.9889902160813624,2014
1904,2014-12-31,加拿大,2.76,4,CAN,70118776.87547703,0.8004492903280741,3.070786815402983,2014
1905,2015-03-31,加拿大,2.01,1,CAN,78564741.96209878,0.8939851519753862,3.180558150547075,2015
1906,2015-06-30,加拿大,0.81,2,CAN,897271.40643056,0.010293973335666366,0.3508440861690803,2015
1907,2015-09-30,加拿大,0.21,3,CAN,5106784.74114316,0.060763503382548066,0.9363117621272242,2015
1908,2015-12-31,加拿大,-0.41,4,CAN,77288647.06163447,0.8823858280560358,2.6135600140155693,2015
1909,2016-03-31,加拿大,0.74,1,CAN,64071778.920940906,0.7347783838169971,3.15272603034208,2016
1910,2016-06-30,加拿大,0.52,2,CAN,1754394.3663440708,0.021101164464043965,0.5327448222010717,2016
1911,2016-09-30,加拿大,1.2,3,CAN,18999352.90408624,0.21776203553217224,1.1168915246345834,2016
1912,2016-12-31,加拿大,1.7,4,CAN,74779126.74078968,0.8509447387719234,3.0184381190540432,2016
1913,2017-03-31,加拿大,2.37,1,CAN,90962292.51348901,1.035076410352245,3.6316275597290972,2017
1914,2017-06-30,加拿大,3.97,2,CAN,2232392.2436117153,0.0254518673418585,0.527094076490797,2017
1915,2017-09-30,加拿大,2.93,3,CAN,11609459.22569857,0.1320793179121922,0.984562004205274,2017
1916,2017-12-31,加拿大,2.88,4,CAN,78226039.03675763,0.8897761930336033,3.9664311422059675,2017
1917,2018-03-31,加拿大,2.78,1,CAN,60372588.26723442,0.6868521717266766,4.06942079227881,2018
1918,2018-06-30,加拿大,2.5,2,CAN,1638049.569906424,0.009659210144684866,0.3912650127297083,2018
1919,2018-09-30,加拿大,2.99,3,CAN,3062888.501109258,0.03501763634304153,0.6871465322744811,2018
1920,2018-12-31,加拿大,2.71,4,CAN,63817180.74396005,0.7259347893491869,4.058850381290941,2018
1921,2019-03-31,加拿大,1.77,1,CAN,77590158.09224938,0.8825566124873575,4.1533330802829935,2019
1922,2019-06-30,加拿大,2.09,2,CAN,2352646.983424775,0.026953338905344335,0.8793032948337083,2019
1923,2019-09-30,加拿大,1.86,3,CAN,10663024.440589674,0.12133205519275318,1.2084761271947084,2019
1924,2019-12-31,加拿大,1.91,4,CAN,65843144.07327267,0.7489377372427285,4.224282495734514,2019
1925,2020-03-31,加拿大,-0.32,1,CAN,59121877.547109164,0.6727499538215697,4.2127569237482945,2020
1926,2020-06-30,加拿大,-12.24,2,CAN,1325372.720199719,0.015080496854680166,0.6861815070114127,2020
1927,2020-09-30,加拿大,-4.54,3,CAN,7290172.2301750695,0.08295315659151196,1.0324506677437943,2020
1928,2020-12-31,加拿大,-3.02,4,CAN,67111876.22180904,0.7634961122879247,5.292338466996431,2020
1929,2021-03-31,加拿大,0.33,1,CAN,74175832.34579107,0.437074455344449,3.470519791502659,2021
1930,2021-06-30,加拿大,12.38,2,CAN,1952695.1196053736,0.011530030413950733,1.0742443452727337,2021
1931,2021-09-30,加拿大,4.75,3,CAN,3430743.509775983,0.020233170299197602,0.5241477268131082,2021
1932,2021-12-31,加拿大,4.44,4,CAN,70697114.40644394,0.4165859049959673,2.556837349633233,2021
1933,2022-03-31,加拿大,3.94,1,CAN,79277874.26128884,0.4671575101669852,3.479859165503647,2022
1934,2022-06-30,加拿大,5.25,2,CAN,2732837.203974448,0.016114664869947132,1.3918647048095683,2022
1935,2022-09-30,加拿大,3.98,3,CAN,8623887.947716052,0.05082065168745283,0.6511637626776597,2022
1936,2022-12-31,加拿大,2.16,4,CAN,97661064.57506247,0.5754599836852817,3.204927257039716,2022
1937,2023-03-31,加拿大,2.04,1,CAN,87163752.98054592,0.5136162354737068,3.7223144549622695,2023
1938,2023-06-30,加拿大,1.27,2,CAN,1122235.5163866251,0.006619790354692766,0.5064145526938694,2023
1939,2023-09-30,加拿大,0.73,3,CAN,9285993.214109622,0.05472335127190856,1.1635932158966977,2023
1940,2023-12-31,加拿大,0.97,4,CAN,81309816.46709369,0.4792068267145087,4.744060480213412,2023
1941,2024-03-31,加拿大,0.53,1,CAN,79712059.20739098,0.4698133129853274,3.969480376283616,2024
2010,2013-03-31,俄罗斯,1.131181289225007,1,RUS,91648679.3798328,0.5586752365239002,17.394913950409805,2013
2011,2013-06-30,俄罗斯,1.721541424278165,2,RUS,774827.319391415,0.004777643376883867,0.4613630789420096,2013
2012,2013-09-30,俄罗斯,1.509737244881623,3,RUS,3227327.99791166,0.01983874759733303,1.414446013757501,2013
2013,2013-12-31,俄罗斯,2.545971019748274,4,RUS,90347131.5712169,0.5523053493697577,24.194617556708707,2013
2014,2014-03-31,俄罗斯,-0.047356349461587,1,RUS,92077573.89860922,0.561786528384765,20.715470063894156,2014
2015,2014-06-30,俄罗斯,0.555510063706785,2,RUS,871445.186857696,0.005473906397396501,0.546576506523686,2014
2016,2014-09-30,俄罗斯,1.405269682450059,3,RUS,4940142.24022985,0.030380597427461898,2.550692227883255,2014
2017,2014-12-31,俄罗斯,0.927683149643426,4,RUS,132276278.78750281,0.8204600193491401,12.014907217973622,2014
2018,2015-03-31,俄罗斯,-1.526021207310476,1,RUS,102499445.31884097,0.6251503088979241,11.257770894385287,2015
2019,2015-06-30,俄罗斯,-3.088915019820782,2,RUS,349990.96979101497,0.0021550624282338665,0.31156846080457834,2015
2020,2015-09-30,俄罗斯,-1.699971382000523,3,RUS,2557830.7924508727,0.0158858618498669,1.7080244604268928,2015
2021,2015-12-31,俄罗斯,-1.597136250029198,4,RUS,106497896.34821029,0.6555861483483477,10.69473411209105,2015
2022,2016-03-31,俄罗斯,-0.206455041273056,1,RUS,88484320.5607326,0.5463112178563002,13.093368807417496,2016
2023,2016-06-30,俄罗斯,0.321325096296695,2,RUS,687116.00967604,0.004299982908582834,0.477711891665759,2016
2024,2016-09-30,俄罗斯,0.058542265933781,3,RUS,4650480.179346732,0.0288887951327934,2.638930022139857,2016
2025,2016-12-31,俄罗斯,0.537953462426339,4,RUS,126646426.49084528,0.7721531261938085,14.793201114817052,2016
2026,2017-03-31,俄罗斯,1.310013816130332,1,RUS,139884530.92528906,0.8522938390952893,16.824035803660752,2017
2027,2017-06-30,俄罗斯,2.341242453279013,2,RUS,1505504.8772861753,0.009175920515162066,1.048850930392842,2017
2028,2017-09-30,俄罗斯,2.637920783311617,3,RUS,7634360.6059636725,0.046525479671489296,2.2953931307609876,2017
2029,2017-12-31,俄罗斯,1.040341645244975,4,RUS,115738143.1024601,0.7051755443104986,13.407493417335234,2017
2030,2018-03-31,俄罗斯,2.563064454838286,1,RUS,93380837.9772409,0.5690080823431093,18.02334005213255,2018
2031,2018-06-30,俄罗斯,2.72898101891561,2,RUS,1017880.0199635742,0.0014519625513656333,0.8143080871049606,2018
2032,2018-09-30,俄罗斯,2.63390614937588,3,RUS,3780045.2698954805,0.023044623382213667,2.4950750392626686,2018
2033,2018-12-31,俄罗斯,3.239026043066282,4,RUS,97498625.3940342,0.5941186892651108,21.36377404275663,2018
2034,2019-03-31,俄罗斯,1.388533002763215,1,RUS,129355595.48733668,0.7883913396772778,22.908291824467053,2019
2035,2019-06-30,俄罗斯,1.35756123365987,2,RUS,1327283.522698973,0.0081036306761376,1.2914869030137783,2019
2036,2019-09-30,俄罗斯,2.767461759010463,3,RUS,7765986.9125366695,0.047349903980386736,5.382394425852559,2019
2037,2019-12-31,俄罗斯,3.06950161977111,4,RUS,112163821.76444648,0.6833826702641962,24.160665822403715,2019
2038,2020-03-31,俄罗斯,1.516031201759539,1,RUS,95909105.23518308,0.5848921580165193,28.133350402468594,2020
2039,2020-06-30,俄罗斯,-7.31564683170994,2,RUS,872187.3205442964,0.005317450596567501,0.7261066367229346,2020
2040,2020-09-30,俄罗斯,-3.3283377592367,3,RUS,7809296.727118907,0.04765032871639121,5.269092935759143,2020
2041,2020-12-31,俄罗斯,-1.301421379435291,4,RUS,114931256.9278593,0.7002855058174627,29.31387606553767,2020
2042,2021-03-31,俄罗斯,0.868649556087107,1,RUS,136281236.70552164,0.19439646627328444,14.109106156745769,2021
2043,2021-06-30,俄罗斯,11.36605719325622,2,RUS,1564601.323420886,0.0022331616427811664,1.049615875865689,2021
2044,2021-09-30,俄罗斯,5.221661478951981,3,RUS,3144688.1503929826,0.0044863147975094326,1.563228185841471,2021
2045,2021-12-31,俄罗斯,6.083664995146752,4,RUS,126829844.60490572,0.18090063417575455,13.148589441701544,2021
2046,2022-03-31,俄罗斯,3.740515300592012,1,RUS,159619799.59436336,0.22766222207749268,13.719505481307701,2022
2047,2022-06-30,俄罗斯,-3.50415478714331,2,RUS,2019388.249383562,0.002880290406768333,0.985704370096404,2022
2048,2022-09-30,俄罗斯,-2.761144091283757,3,RUS,8727964.567880712,0.012450031822039366,2.9620092623044134,2022
2049,2022-12-31,俄罗斯,-1.842554407527522,4,RUS,178932541.02775928,0.25520807511189564,13.724712559192456,2022
2050,2023-03-31,俄罗斯,-1.56957304526749,1,RUS,151120743.54277378,0.2155384214027857,13.393457548203353,2023
2051,2023-06-30,俄罗斯,5.090406323392005,2,RUS,752081.7900377531,0.0010726676612985667,0.3984460606029537,2023
2052,2023-09-30,俄罗斯,5.729602008417633,3,RUS,8615240.572514022,0.012288470285091732,2.840309484731225,2023
2053,2023-12-31,俄罗斯,4.884628431165682,4,RUS,153304379.6706973,0.21865631289648957,14.836469379276316,2023
2054,2024-03-31,俄罗斯,5.360630785411454,1,RUS,193909612.1862398,0.2765628185391155,15.82570381383139,2024
2183,2013-03-31,墨西哥,-0.3,1,MEX,5556396.562754874,0.6463174021361328,12.8201328242378,2013
2184,2013-06-30,墨西哥,1.7,2,MEX,6009314.063455398,0.6036272880741986,9.323068160985736,2013
2185,2013-09-30,墨西哥,1,3,MEX,4367909.341635106,0.5392055903002618,12.030520413321588,2013
2186,2013-12-31,墨西哥,0.9,4,MEX,5928140.882714017,0.5996020235506757,14.593973444774742,2013
2187,2014-03-31,墨西哥,2.5,1,MEX,5987021.882613428,0.602484494919603,10.496659992364357,2014
2188,2014-06-30,墨西哥,1.9,2,MEX,5360501.232013829,0.6243544312368178,11.637342610491318,2014
2189,2014-09-30,墨西哥,2.6,3,MEX,5317124.612527497,0.5573584361750293,12.595201222159568,2014
2190,2014-12-31,墨西哥,3,4,MEX,5208906.876912353,0.7115286462256224,17.112604348104863,2014
2191,2015-03-31,墨西哥,2.9,1,MEX,6583526.343462054,0.6678773238979091,12.261596722454016,2015
2192,2015-06-30,墨西哥,2.3,2,MEX,5319832.239661999,0.5624693792453549,12.811007795187818,2015
2193,2015-09-30,墨西哥,3.4,3,MEX,4667263.231456165,0.7374424253780281,18.471619810928143,2015
2194,2015-12-31,墨西哥,2.2,4,MEX,5472105.215714875,0.5785183371577247,12.949370438569074,2015
2195,2016-03-31,墨西哥,1.7,1,MEX,5083765.229100896,0.8891869924565969,19.349484780785573,2016
2196,2016-06-30,墨西哥,2.3,2,MEX,5356883.704572987,0.5839098673245499,13.49842709779623,2016
2197,2016-09-30,墨西哥,0.9,3,MEX,4735623.085792169,0.5992274051078746,17.59546443188948,2016
2198,2016-12-31,墨西哥,2.3,4,MEX,5335351.426196984,0.7503530946599147,14.673697252194893,2016
2199,2017-03-31,墨西哥,3.4,1,MEX,6368894.046873678,0.6359522886291448,10.4148792379383,2017
2200,2017-06-30,墨西哥,1.5,2,MEX,7594473.956296007,0.7569978932341733,16.50407098137642,2017
2201,2017-09-30,墨西哥,1.2,3,MEX,6425365.803756945,0.6413666562208215,12.291367903997317,2017
2202,2017-12-31,墨西哥,1.4,4,MEX,7719954.530127164,0.7694208185960792,9.441599164704073,2017
2203,2018-03-31,墨西哥,1.1,1,MEX,7375872.703637093,0.7351063772325306,11.789795987258941,2018
2204,2018-06-30,墨西哥,2.9,2,MEX,6998307.489103339,0.35724056923341174,12.444256515529545,2018
2205,2018-09-30,墨西哥,2.8,3,MEX,6465159.859596953,0.6455415254955169,15.304679759707051,2018
2206,2018-12-31,墨西哥,1.1,4,MEX,7191896.267831373,0.7168188424831671,11.232828820162334,2018
2207,2019-03-31,墨西哥,0.9,1,MEX,6485356.893720464,0.6511355613642047,10.756433663843955,2019
2208,2019-06-30,墨西哥,-1,2,MEX,7478171.795883336,0.7455502476082043,14.192181794324108,2019
2209,2019-09-30,墨西哥,-0.5,3,MEX,6562873.413109777,0.65565303611351,17.542401562407935,2019
2210,2019-12-31,墨西哥,-1,4,MEX,7197684.978674665,0.7177276419911696,12.332236716364426,2019
2211,2020-03-31,墨西哥,-1.4,1,MEX,7362888.0065704165,0.8078987204360004,15.82850522161961,2020
2212,2020-06-30,墨西哥,-20.3,2,MEX,8233526.295866382,0.8206399821989514,13.451758977854686,2020
2213,2020-09-30,墨西哥,-8.1,3,MEX,7161321.549666968,0.7145811233753726,21.93248888305338,2020
2214,2020-12-31,墨西哥,-3.5,4,MEX,8553119.986233573,0.8523962548933254,18.7738296070096,2020
2215,2021-03-31,墨西哥,-2.6,1,MEX,8590828.206767535,0.2591329212760409,13.188844692233188,2021
2216,2021-06-30,墨西哥,22.7,2,MEX,8635578.794571435,0.26049653358888186,11.45378755352516,2021
2217,2021-09-30,墨西哥,5.1,3,MEX,7845970.963097236,0.23669564052284162,9.883141467856195,2021
2218,2021-12-31,墨西哥,1.9,4,MEX,9257830.232796906,0.2792514287367225,15.112092845653814,2021
2219,2022-03-31,墨西哥,2.7,1,MEX,9048701.259577848,0.27294350752127144,10.61694693491526,2022
2220,2022-06-30,墨西哥,3,2,MEX,9365717.607246455,0.28250886735118486,11.416403615557305,2022
2221,2022-09-30,墨西哥,4.7,3,MEX,6577714.397349085,0.199106691830037,11.46999410781335,2022
2222,2022-12-31,墨西哥,4.4,4,MEX,9031280.06973668,0.2724186725380085,8.515523815786699,2022
2223,2023-03-31,墨西哥,3.6,1,MEX,9186443.144646013,0.277098218734197,8.708701488830812,2023
2224,2023-06-30,墨西哥,3.5,2,MEX,10327670.575993167,0.3115228688205758,9.227797302743841,2023
2225,2023-09-30,墨西哥,3.4,3,MEX,9380012.360124243,0.2829646069553395,14.326198155733735,2023
2226,2023-12-31,墨西哥,2.3,4,MEX,10218736.93623883,0.30823667546184985,10.021621812819971,2023
2227,2024-03-31,墨西哥,1.6,1,MEX,9244644.082903562,0.2788556867289584,7.766221836120236,2024
2438,2013-03-31,澳大利亚,2.27,1,AUS,4430982.591966264,0.1808339339087354,9.20016609287651,2013
2439,2013-06-30,澳大利亚,1.96,2,AUS,3813403.0727673513,0.12980272313773297,3.010952651995997,2013
2440,2013-09-30,澳大利亚,2.18,3,AUS,2494280.409963488,0.16679710926497396,7.585594916336132,2013
2441,2013-12-31,澳大利亚,2.52,4,AUS,5362584.358504097,0.15027404411811973,5.459508910968022,2013
2442,2014-03-31,澳大利亚,2.81,1,AUS,4169875.6707353503,0.16193852794377186,3.2367411726336357,2014
2443,2014-06-30,澳大利亚,2.92,2,AUS,3637982.773941281,0.2629935072196563,4.308716869335684,2014
2444,2014-09-30,澳大利亚,2.53,3,AUS,3481198.652758597,0.2035612227653383,5.22860200590715,2014
2445,2014-12-31,澳大利亚,2.1,4,AUS,3902696.262487966,1.0087347820063008,17.462281087994906,2014
2446,2015-03-31,澳大利亚,2.28,1,AUS,7223458.878696223,0.18409398017911482,6.302080990217046,2015
2447,2015-06-30,澳大利亚,1.9,2,AUS,2911596.7274896274,0.2915359574801664,6.216579670433397,2015
2448,2015-09-30,澳大利亚,2.49,3,AUS,2061482.6960746981,1.3351178913973032,13.021928190530303,2015
2449,2015-12-31,澳大利亚,2.71,4,AUS,3996324.715038849,0.2743294243686634,14.324964441441493,2015
2450,2016-03-31,澳大利亚,2.68,1,AUS,1915688.297297746,0.2186258134791306,8.38042787734714,2016
2451,2016-06-30,澳大利亚,3.23,2,AUS,3299705.326165629,0.1991991496637527,3.4102017071162614,2016
2452,2016-09-30,澳大利亚,2.23,3,AUS,2146498.957311627,0.7153237227944415,7.455156212867716,2016
2453,2016-12-31,澳大利亚,2.74,4,AUS,2949859.207442667,0.18529566954502263,6.216248372133845,2016
2454,2017-03-31,澳大利亚,2.18,1,AUS,6422779.816474199,0.2265476969172795,2.0423628403888574,2017
2455,2017-06-30,澳大利亚,2.13,2,AUS,8937782.6232415,0.24052779087963783,1.8947845667115166,2017
2456,2017-09-30,澳大利亚,3.02,3,AUS,8867532.056344252,0.22218404208215037,6.889575085250175,2017
2457,2017-12-31,澳大利亚,2.35,4,AUS,11720340.84545345,0.30620780945880033,5.187971543899072,2017
2458,2018-03-31,澳大利亚,3.06,1,AUS,8811320.134550804,0.28809112198197967,1.9241613940977151,2018
2459,2018-06-30,澳大利亚,3.19,2,AUS,9857315.744836641,0.13563277077724023,5.2941821178844,2018
2460,2018-09-30,澳大利亚,2.67,3,AUS,6505095.599894385,0.24449715384792903,2.4114769873478976,2018
2461,2018-12-31,澳大利亚,2.48,4,AUS,9196828.814663878,0.24503817405685024,5.148805574930335,2018
2462,2019-03-31,澳大利亚,2.01,1,AUS,6482942.314957487,0.20509876577217293,4.335490799764467,2019
2463,2019-06-30,澳大利亚,1.58,2,AUS,8049933.105606281,0.20967591831996335,1.4999284025400452,2019
2464,2019-09-30,澳大利亚,1.71,3,AUS,5393827.666202941,0.15273643057701625,1.2997765663262477,2019
2465,2019-12-31,澳大利亚,1.96,4,AUS,8403563.088223154,0.254395952194948,4.810249191667755,2019
2466,2020-03-31,澳大利亚,1.17,1,AUS,9096239.246215176,0.28447687441681085,1.8239381043241194,2020
2467,2020-06-30,澳大利亚,-6.12,2,AUS,10880481.697623944,0.29141210793260686,1.1344233029149533,2020
2468,2020-09-30,澳大利亚,-3.2,3,AUS,9053029.324305594,0.2419379756460469,1.3164194772171054,2020
2469,2020-12-31,澳大利亚,-0.35,4,AUS,10004061.586267008,0.297506807816763,1.979975942034282,2020
2470,2021-03-31,澳大利亚,2,1,AUS,9421157.099467205,0.10711042639511013,0.6942373844856292,2021
2471,2021-06-30,澳大利亚,10.57,2,AUS,11958762.277087448,0.1137727570335673,0.7845569412783552,2021
2472,2021-09-30,澳大利亚,4.65,3,AUS,9483028.249977382,0.07917141540777493,0.8538598548179727,2021
2473,2021-12-31,澳大利亚,5.14,4,AUS,11713295.306797432,0.1146974014877379,1.1220671959753534,2021
2474,2022-03-31,澳大利亚,3.69,1,AUS,12136158.018855685,0.12949494948855253,0.9342437359647556,2022
2475,2022-06-30,澳大利亚,3.64,2,AUS,12757777.672485083,0.11492930778156994,1.3757477345443914,2022
2476,2022-09-30,澳大利亚,5.71,3,AUS,8314120.618255314,0.07965637764052826,1.073097808229088,2022
2477,2022-12-31,澳大利亚,2.52,4,AUS,12095503.572647773,0.12138835297245794,1.4929357450086023,2022
2478,2023-03-31,澳大利亚,2.34,1,AUS,11364096.445272304,0.13293478352688073,1.9844134384530532,2023
2479,2023-06-30,澳大利亚,1.91,2,AUS,13388318.70067743,0.11430382591689932,0.9904530503914931,2023
2480,2023-09-30,澳大利亚,2.05,3,AUS,13145345.326995654,0.11062950095202743,2.19747896479892,2023
2481,2023-12-31,澳大利亚,1.56,4,AUS,20076846.704577964,0.16888185678731868,7.514578716311351,2023
2482,2024-03-31,澳大利亚,1.11,1,AUS,10466513.82958967,0.0865334017628771,3.998507657685491,2024
2695,2013-03-31,韩国,2.43,1,KOR,2326638.4761406085,4.081224023459395,11.95229890956339,2013
2696,2013-06-30,韩国,3.15,2,KOR,1285798.486422725,2.2684687535916788,6.358570928193828,2013
2697,2013-09-30,韩国,3.72,3,KOR,1336947.1198527329,2.345970819240261,7.527524880780505,2013
2698,2013-12-31,韩国,3.86,4,KOR,1984494.2033303843,3.481068423666386,10.238487998626939,2013
2699,2014-03-31,韩国,3.83,1,KOR,1835509.5632045015,3.221960716221016,9.590681095268373,2014
2700,2014-06-30,韩国,3.64,2,KOR,1284744.736636335,2.2595365247619075,6.496497946767477,2014
2701,2014-09-30,韩国,2.88,3,KOR,1719986.666588138,3.0379593074877356,8.666983608457903,2014
2702,2014-12-31,韩国,2.53,4,KOR,2047069.9231933027,3.7488155934169627,10.996740676769464,2014
2703,2015-03-31,韩国,2.63,1,KOR,2035994.4797349174,3.571431302645658,10.408686968931116,2015
2704,2015-06-30,韩国,2.1,2,KOR,972295.6966213263,1.7241848789509717,5.244622329077823,2015
2705,2015-09-30,韩国,3.35,3,KOR,1413832.2732687618,2.4849232787702213,7.566163589228755,2015
2706,2015-12-31,韩国,3.6,4,KOR,1863411.6498885534,3.2688042515094935,9.282299107653051,2015
2707,2016-03-31,韩国,3.1,1,KOR,2020741.2997580236,3.5473531309964876,10.693867781942942,2016
2708,2016-06-30,韩国,3.95,2,KOR,1297139.9066719182,2.2913886109165262,8.25205908654687,2016
2709,2016-09-30,韩国,2.83,3,KOR,1530100.9497976427,2.7060428437239517,7.28194049019796,2016
2710,2016-12-31,韩国,2.83,4,KOR,2049480.016423614,3.612198113997545,10.577581716821987,2016
2711,2017-03-31,韩国,3.58,1,KOR,2291857.803146752,4.020196607435987,11.350942872078562,2017
2712,2017-06-30,韩国,3.05,2,KOR,1493548.6497211258,2.619865537944734,7.16517592351775,2017
2713,2017-09-30,韩国,4.07,3,KOR,1773505.286331882,3.111318905025382,8.297325760427057,2017
2714,2017-12-31,韩国,3.04,4,KOR,2348709.6863702275,4.119921707198962,11.498714435291381,2017
2715,2018-03-31,韩国,3.38,1,KOR,2428319.5165782347,4.259580123486601,14.42245650058173,2018
2716,2018-06-30,韩国,3.42,2,KOR,1420601.6065037053,0.6445114134049443,3.9019492164758436,2018
2717,2018-09-30,韩国,2.55,3,KOR,1792464.0099028535,3.145412739764938,9.052633057714726,2018
2718,2018-12-31,韩国,3.37,4,KOR,2344747.879791822,4.112972217861554,11.41436421674978,2018
2719,2019-03-31,韩国,1.94,1,KOR,2348675.273404084,4.119880614295547,11.871210350713277,2019
2720,2019-06-30,韩国,2.49,2,KOR,1542005.4164699584,2.704864558101687,7.383052073925646,2019
2721,2019-09-30,韩国,2.18,3,KOR,1910504.57307549,3.355866552400396,9.174036653071532,2019
2722,2019-12-31,韩国,2.63,4,KOR,2400183.56978351,4.210213142900387,11.560416653863284,2019
2723,2020-03-31,韩国,1.25,1,KOR,2460155.283087008,4.31544593539265,11.845558738912757,2020
2724,2020-06-30,韩国,-2.82,2,KOR,1187241.0233189072,2.0826349533472017,6.176692788979939,2020
2725,2020-09-30,韩国,-0.88,3,KOR,1770197.9467262856,3.1052363387549637,8.78164995460006,2020
2726,2020-12-31,韩国,-0.33,4,KOR,2500077.0429598917,4.385443997914255,11.418031145906854,2020
2727,2021-03-31,韩国,2.53,1,KOR,2748581.762916791,1.210688167947336,6.449304308888053,2021
2728,2021-06-30,韩国,6.84,2,KOR,1677296.5232077476,0.738811231489485,4.108254352777431,2021
2729,2021-09-30,韩国,4.56,3,KOR,1676301.7899025623,0.7383747301490118,4.348450873753521,2021
2730,2021-12-31,韩国,4.58,4,KOR,2418869.272922189,1.065457265288173,5.848902382850267,2021
2731,2022-03-31,韩国,3.49,1,KOR,2635549.029913085,1.1608998028040287,6.895267624040699,2022
2732,2022-06-30,韩国,2.93,2,KOR,1718417.5497926846,0.75692411722562,4.103178912618284,2022
2733,2022-09-30,韩国,3.3,3,KOR,1509021.8131306395,0.6646900154037766,3.6613109962928476,2022
2734,2022-12-31,韩国,1.22,4,KOR,3004094.269616917,1.323235654363068,7.284764528714692,2022
2735,2023-03-31,韩国,1.18,1,KOR,2968641.9232100747,1.3076196967445524,7.269595885086637,2023
2736,2023-06-30,韩国,0.93,2,KOR,1313054.59319948,0.5783743609526726,3.3858110468016527,2023
2737,2023-09-30,韩国,1.29,3,KOR,1821406.129784298,0.8023349555003471,4.4960391476188315,2023
2738,2023-12-31,韩国,2.22,4,KOR,2675485.049605757,1.1784908958747835,6.535260953926316,2023
2739,2024-03-31,韩国,3.09,1,KOR,2759411.089944638,1.215459312601206,7.483975802704593,2024
2808,2013-03-31,西班牙,-2.5,1,ESP,4519587.729849308,1.4619673723431097,7.266958237447529,2013
2809,2013-06-30,西班牙,-1.6,2,ESP,2734101.8666346357,0.8915375461876792,5.606931883731009,2013
2810,2013-09-30,西班牙,-1.2,3,ESP,3154031.106342874,1.0301975822092782,6.238190112578511,2013
2811,2013-12-31,西班牙,-0.3,4,ESP,4990433.0401197905,1.6161745510601107,8.992620468705598,2013
2812,2014-03-31,西班牙,0.4,1,ESP,4639432.030219984,1.5020903984834622,8.297543644472011,2014
2813,2014-06-30,西班牙,1,2,ESP,2348351.703175305,0.7681962434362916,5.829955447306034,2014
2814,2014-09-30,西班牙,1.7,3,ESP,3700239.9868534473,1.1975743466878732,8.420768620069609,2014
2815,2014-12-31,西班牙,2.5,4,ESP,4769340.546054109,1.5728485936691499,7.747420884948607,2014
2816,2015-03-31,西班牙,3.2,1,ESP,4934922.176630648,1.5972152830707291,7.758591183930602,2015
2817,2015-06-30,西班牙,3.9,2,ESP,1747761.86999639,0.6311318710273585,4.09069153307843,2015
2818,2015-09-30,西班牙,4.1,3,ESP,3185758.3165333476,1.0415027636306675,6.035978377369681,2015
2819,2015-12-31,西班牙,4.2,4,ESP,4580303.856302577,1.4835812380780677,7.249593901848017,2015
2820,2016-03-31,西班牙,3.7,1,ESP,4424502.129727733,1.4464671379152023,7.284370561858105,2016
2821,2016-06-30,西班牙,3,2,ESP,2434783.176730378,0.810113854697887,5.057057488074061,2016
2822,2016-09-30,西班牙,3,3,ESP,3416175.023248749,1.1193480082457146,6.115918330907786,2016
2823,2016-12-31,西班牙,2.5,4,ESP,4545790.3834901,1.4701886036188234,7.293970530897219,2016
2824,2017-03-31,西班牙,2.6,1,ESP,4849604.799962896,1.5683426628603394,7.29942915170205,2017
2825,2017-06-30,西班牙,3.2,2,ESP,2576578.316557597,0.8333958112165281,4.853617280646785,2017
2826,2017-09-30,西班牙,3,3,ESP,3783849.096741007,1.2238030185154685,5.942212421505406,2017
2827,2017-12-31,西班牙,3,4,ESP,5287938.822014989,1.710095278273916,8.218690065010444,2017
2828,2018-03-31,西班牙,2.6,1,ESP,4998316.483221724,1.616441278573481,8.344406709168496,2018
2829,2018-06-30,西班牙,2.2,2,ESP,2121577.213131391,0.11138022642607703,1.7702201904994794,2018
2830,2018-09-30,西班牙,2.1,3,ESP,3271801.8565390464,1.0581127455057506,5.069921538139899,2018
2831,2018-12-31,西班牙,2.2,4,ESP,4839057.359568652,1.564940586100473,6.944732076425939,2018
2832,2019-03-31,西班牙,2.4,1,ESP,5047338.739359114,1.6323840293835357,7.757212383824437,2019
2833,2019-06-30,西班牙,2.2,2,ESP,2573136.9200466014,0.8322091057081152,4.700286380420463,2019
2834,2019-09-30,西班牙,1.9,3,ESP,3671695.2965585054,1.1880708589164928,6.103623479745895,2019
2835,2019-12-31,西班牙,1.5,4,ESP,5021955.13826811,1.624088355251183,7.343503422866061,2019
2836,2020-03-31,西班牙,-4.6,1,ESP,4754608.340196044,1.5382619126344805,6.789085869098893,2020
2837,2020-06-30,西班牙,-21.7,2,ESP,1935571.309775052,0.6262833639583799,3.8365723496264024,2020
2838,2020-09-30,西班牙,-9.2,3,ESP,3714930.166730646,1.201520791581423,5.802101011973247,2020
2839,2020-12-31,西班牙,-9.2,4,ESP,5015744.636154167,1.6220655599302785,6.572288632719233,2020
2840,2021-03-31,西班牙,-3.6,1,ESP,5531707.716929895,0.26412461508053736,3.0409948577420995,2021
2841,2021-06-30,西班牙,19.4,2,ESP,2549249.279760746,0.12174579908271917,1.8315344068100938,2021
2842,2021-09-30,西班牙,5.1,3,ESP,3225537.6062801816,0.15401407582679758,1.9252637045048087,2021
2843,2021-12-31,西班牙,7,4,ESP,5234310.769874568,0.24992466750746165,4.277249084957624,2021
2844,2022-03-31,西班牙,6.8,1,ESP,4948911.532412513,0.23629762143250135,2.6680558442533275,2022
2845,2022-06-30,西班牙,7.2,2,ESP,2761811.9792839414,0.1318718130079175,1.7645880147752064,2022
2846,2022-09-30,西班牙,5.4,3,ESP,3211317.378913865,0.15333214718682753,1.8908180435477044,2022
2847,2022-12-31,西班牙,3.8,4,ESP,4894494.853829019,0.23369938631370446,2.52721515306389,2022
2848,2023-03-31,西班牙,4,1,ESP,5383049.92306111,0.25702663919732305,2.746399399705196,2023
2849,2023-06-30,西班牙,2,2,ESP,2077584.9667963486,0.09919955424288095,1.6486962632896953,2023
2850,2023-09-30,西班牙,1.9,3,ESP,3598539.178786023,0.17182093099386522,2.155186358943645,2023
2851,2023-12-31,西班牙,2.1,4,ESP,5270124.225954496,0.2516347140687008,2.824226736563844,2023
2852,2024-03-31,西班牙,2.5,1,ESP,5346451.716184774,0.2552793241878914,2.684271925491732,2024
2861,2013-03-31,印度尼西亚,5.54,1,IDN,1405666.159973422,0.17703753093121902,2.81319330841549,2013
2862,2013-06-30,印度尼西亚,5.59,2,IDN,2036990.52868874,0.24184792065647642,5.377057822801027,2013
2863,2013-09-30,印度尼西亚,5.52,3,IDN,1663996.9756749857,0.2704475860597644,3.263394530098992,2013
2864,2013-12-31,印度尼西亚,5.58,4,IDN,1235377.459332545,0.1698669455691133,2.717055338091256,2013
2865,2014-03-31,印度尼西亚,5.12,1,IDN,1747432.8656691052,0.23031470491840453,2.686674857504246,2014
2866,2014-06-30,印度尼西亚,4.94,2,IDN,2019395.9630090396,0.3209587247104228,5.439659718570723,2014
2867,2014-09-30,印度尼西亚,4.93,3,IDN,1909575.1021546945,0.3274613016695657,4.3127787448978205,2014
2868,2014-12-31,印度尼西亚,5.05,4,IDN,1180716.5961739167,0.2941523889691009,4.158011786607796,2014
2869,2015-03-31,印度尼西亚,4.83,1,IDN,2471215.2028387245,0.29890647989557695,4.579188407577141,2015
2870,2015-06-30,印度尼西亚,4.74,2,IDN,2204612.869253138,0.3349652516777705,3.818390032622956,2015
2871,2015-09-30,印度尼西亚,4.78,3,IDN,2677333.0192523864,0.3317721272758049,4.11977909155714,2015
2872,2015-12-31,印度尼西亚,5.15,4,IDN,2011703.5488246533,0.3189500509401062,3.6946677678808784,2015
2873,2016-03-31,印度尼西亚,4.94,1,IDN,1473435.999212983,0.4217986372909858,5.58660928735856,2016
2874,2016-06-30,印度尼西亚,5.21,2,IDN,2654761.54273799,0.3385182090802566,4.403498061388417,2016
2875,2016-09-30,印度尼西亚,5.03,3,IDN,2160646.2921493943,0.34605283084017513,6.492152583884653,2016
2876,2016-12-31,印度尼西亚,4.94,4,IDN,932163.1895797793,0.15213834158434436,3.2200254591843773,2016
2877,2017-03-31,印度尼西亚,5.01,1,IDN,2120736.041928202,0.24576303729205895,2.6523993124377836,2017
2878,2017-06-30,印度尼西亚,5.01,2,IDN,3909949.9452553764,0.44606325805012687,3.289878395362441,2017
2879,2017-09-30,印度尼西亚,5.06,3,IDN,3056798.486546883,0.3543916219291243,2.9100999261802296,2017
2880,2017-12-31,印度尼西亚,5.19,4,IDN,2981096.499900937,0.34377780753763654,2.790451948198642,2017
2881,2018-03-31,印度尼西亚,5.07,1,IDN,2399934.4762743018,0.27820098222440975,2.843200167855064,2018
2882,2018-06-30,印度尼西亚,5.27,2,IDN,4154561.8017050587,0.21189298947024585,2.818790646220334,2018
2883,2018-09-30,印度尼西亚,5.17,3,IDN,3849971.6035314854,0.440596191988031,3.1786372185442455,2018
2884,2018-12-31,印度尼西亚,5.18,4,IDN,2608490.9097293266,0.3042569091646457,2.3654964129830938,2018
2885,2019-03-31,印度尼西亚,5.06,1,IDN,3162492.9455081434,0.3878748397732313,3.835972414462013,2019
2886,2019-06-30,印度尼西亚,5.05,2,IDN,4015020.6564552453,0.4593981002131183,2.565655212601682,2019
2887,2019-09-30,印度尼西亚,5.01,3,IDN,3268600.2560463175,0.3877195956013823,2.5744908731895535,2019
2888,2019-12-31,印度尼西亚,4.96,4,IDN,3562941.4232746027,0.41613080470615865,3.410457907039215,2019
2889,2020-03-31,印度尼西亚,2.97,1,IDN,3878078.0152203646,0.4728859699993772,9.12080109850138,2020
2890,2020-06-30,印度尼西亚,-5.32,2,IDN,4504132.602046228,0.5125359271629397,3.5342140127188713,2020
2891,2020-09-30,印度尼西亚,-3.49,3,IDN,3737276.1602343842,0.4260172221778164,2.757622666142438,2020
2892,2020-12-31,印度尼西亚,-2.17,4,IDN,2596224.0730362004,0.2979520002621126,2.085263831964785,2020
2893,2021-03-31,印度尼西亚,-0.69,1,IDN,2960453.0249952166,0.06651481715587089,0.8559057074432292,2021
2894,2021-06-30,印度尼西亚,7.08,2,IDN,4819827.49075619,0.10818583110199524,1.03762461549705,2021
2895,2021-09-30,印度尼西亚,3.53,3,IDN,4212079.44634293,0.09466563657141754,1.1016752539008656,2021
2896,2021-12-31,印度尼西亚,5.03,4,IDN,3186001.2365757762,0.07156492544998297,0.8691431413683857,2021
2897,2022-03-31,印度尼西亚,5.02,1,IDN,2671857.109184149,0.06005175475172477,0.9394723573811685,2022
2898,2022-06-30,印度尼西亚,5.46,2,IDN,4881349.344806443,0.10956071895071888,1.2810087206067096,2022
2899,2022-09-30,印度尼西亚,5.73,3,IDN,3619666.9400355336,0.0814076526360441,1.2722379400539008,2022
2900,2022-12-31,印度尼西亚,5.01,4,IDN,1990450.7966965958,0.044701498787699405,1.068887062639178,2022
2901,2023-03-31,印度尼西亚,5.04,1,IDN,2693387.718067512,0.06047943018716303,0.8863297990789681,2023
2902,2023-06-30,印度尼西亚,5.17,2,IDN,5355789.50404883,0.12018097992627347,1.3580651825519752,2023
2903,2023-09-30,印度尼西亚,4.94,3,IDN,5219611.975616005,0.1171989769786528,1.9380204521787208,2023
2904,2023-12-31,印度尼西亚,5.04,4,IDN,4932134.228646115,0.1107282073907745,1.5154439013829573,2023
2905,2024-03-31,印度尼西亚,5.11,1,IDN,1500438.429867372,0.0337096143398377,0.6110505673837658,2024
3002,2013-03-31,荷兰,-1.1,1,NLD,2038668.3204856992,7.22506319944111,71.02270898434479,2013
3003,2013-06-30,荷兰,-0.6,2,NLD,67550.73001366544,0.23892277125346176,2.1159492523363705,2013
3004,2013-09-30,荷兰,0.3,3,NLD,669511.9671636603,2.37666640077164,40.01601047372663,2013
3005,2013-12-31,荷兰,1.5,4,NLD,2149880.9205331192,7.610898616965431,118.69939109468335,2013
3006,2014-03-31,荷兰,1.8,1,NLD,2326181.7658676524,8.238308448937845,124.23509655631047,2014
3007,2014-06-30,荷兰,1.7,2,NLD,3409.663333318507,0.012058514107943667,0.23251187810012106,2014
3008,2014-09-30,荷兰,1.1,3,NLD,687628.2153800515,2.4319559095219536,37.420383597718775,2014
3009,2014-12-31,荷兰,1.9,4,NLD,2197163.146293389,7.838527311560045,105.12315881252344,2014
3010,2015-03-31,荷兰,2,1,NLD,2179838.1833187575,7.710053922308869,106.64042690532136,2015
3011,2015-06-30,荷兰,2.2,2,NLD,1210.87333120654,0.004283779208075167,0.17005192570020458,2015
3012,2015-09-30,荷兰,2.7,3,NLD,586651.2295517345,2.1044750962202516,31.611244419808983,2015
3013,2015-12-31,荷兰,1.5,4,NLD,2116328.083093716,7.491389201636298,100.95921176735693,2015
3014,2016-03-31,荷兰,1.8,1,NLD,2084744.0865586947,7.415374028566937,91.76317432243575,2016
3015,2016-06-30,荷兰,2.1,2,NLD,34982.61999086289,0.12371657191750492,0.8808236237276249,2016
3016,2016-09-30,荷兰,2.6,3,NLD,674960.4921285051,2.419217716372989,53.902669967811335,2016
3017,2016-12-31,荷兰,3.2,4,NLD,2003568.3853162378,7.096249218848427,94.89984866128022,2016
3018,2017-03-31,荷兰,3.1,1,NLD,2093718.2364310147,7.405899086217436,82.98935734438449,2017
3019,2017-06-30,荷兰,2.8,2,NLD,79355.77672754228,0.2806421471099403,3.465202842735183,2017
3020,2017-09-30,荷兰,2.7,3,NLD,649018.4000584495,2.2952815055806464,34.0324545875338,2017
3021,2017-12-31,荷兰,2.5,4,NLD,2014362.0998942193,7.12380280407483,90.34394185269217,2017
3022,2018-03-31,荷兰,2.6,1,NLD,1947936.57656582,6.888888570246742,72.15085502565621,2018
3023,2018-06-30,荷兰,2.6,2,NLD,1801.436665713787,0.002163252642967525,0.08291871418207526,2018
3024,2018-09-30,荷兰,2.1,3,NLD,729678.3911804581,2.5827826340640727,49.55258010943541,2018
3025,2018-12-31,荷兰,1.7,4,NLD,2122650.094289589,7.506763900375186,93.16308589901452,2018
3026,2019-03-31,荷兰,2.2,1,NLD,2107034.2964741797,7.452052294600466,82.31269862552011,2019
3027,2019-06-30,荷兰,2.2,2,NLD,84530.81331291546,0.29894370841487133,3.7243143372662306,2019
3028,2019-09-30,荷兰,2.5,3,NLD,574871.8538395794,2.033137986586482,34.228245039531316,2019
3029,2019-12-31,荷兰,2.3,4,NLD,2092536.8460568432,7.400276839897786,83.22720708471637,2019
3030,2020-03-31,荷兰,-0.1,1,NLD,2016888.3790120285,7.135837079020223,76.69606108330989,2020
3031,2020-06-30,荷兰,-8.8,2,NLD,1816.1599974830945,0.0064228599631605,0.1848977397634961,2020
3032,2020-09-30,荷兰,-3.3,3,NLD,684038.6106460766,2.4191063626901363,47.02236017542785,2020
3033,2020-12-31,荷兰,-3,4,NLD,2029898.5387689688,7.17875597520485,83.6288679416035,2020
3034,2021-03-31,荷兰,-1.1,1,NLD,2189955.1329177725,0.012102841905128664,2.5452804256953385,2021
3035,2021-06-30,荷兰,12.2,2,NLD,13819.389979471765,7.637320457416182e-05,0.026462392866756432,2021
3036,2021-09-30,荷兰,7.3,3,NLD,537790.8190214764,0.002972117401787345,1.465396802688713,2021
3037,2021-12-31,荷兰,7,4,NLD,1654051.2426731836,0.009141155683128,3.378502042082696,2021
3038,2022-03-31,荷兰,7.1,1,NLD,1696662.9294673689,0.0093766501414396,2.70385669931303,2022
3039,2022-06-30,荷兰,5.8,2,NLD,11638.039997479567,6.431791961502706e-05,0.0132467147296245,2022
3040,2022-09-30,荷兰,3.8,3,NLD,349432.6065915655,0.0019311480459767688,0.19497729194918131,2022
3041,2022-12-31,荷兰,3.5,4,NLD,1191610.2363845303,0.0065854637933555,0.9525699560933312,2022
3042,2023-03-31,荷兰,2.3,1,NLD,1269321.239860752,0.007014935651780967,1.3726214012064784,2023
3043,2023-06-30,荷兰,-0.5,2,NLD,2595.4466635386148,1.4343800941303247e-05,0.011604313383649367,2023
3044,2023-09-30,荷兰,-0.9,3,NLD,453014.5267392819,0.0025035961194469834,0.7820166923176243,2023
3045,2023-12-31,荷兰,-0.6,4,NLD,1397472.2830642469,0.007723169084922766,1.888819760954509,2023
3046,2024-03-31,荷兰,-0.8,1,NLD,1603926.321460437,0.0088641396912238,4.124644466412192,2024
3103,2013-03-31,土耳其,8.3,1,TUR,4095660.179905699,0.8764113467938826,4.265961493520659,2013
3104,2013-06-30,土耳其,9.5,2,TUR,2106950.3897651574,0.4545109981914686,2.50033793607142,2013
3105,2013-09-30,土耳其,9.2,3,TUR,2974093.116312493,0.6362790462689748,4.593637976005135,2013
3106,2013-12-31,土耳其,7.7,4,TUR,4691267.86380943,1.0031774605907053,4.437338870883583,2013
3107,2014-03-31,土耳其,7.7,1,TUR,3848183.0429706317,0.832039433121632,4.107155109725218,2014
3108,2014-06-30,土耳其,2.9,2,TUR,2100594.003142419,0.4517477239017005,2.503552242756438,2014
3109,2014-09-30,土耳其,3.9,3,TUR,3402548.752955589,0.7275963382630207,3.738635024531893,2014
3110,2014-12-31,土耳其,5.1,4,TUR,4485131.771180554,0.9861038954374964,4.387180110852916,2014
3111,2015-03-31,土耳其,4.1,1,TUR,5108375.159015811,1.0925939834241303,5.583941788426022,2015
3112,2015-06-30,土耳其,7.4,2,TUR,1489910.8730889764,0.3424920486303988,2.198362892981626,2015
3113,2015-09-30,土耳其,6.3,3,TUR,2941644.2923948853,0.6488245805075431,3.7239920268179882,2015
3114,2015-12-31,土耳其,6.1,4,TUR,4479186.53622606,0.9594185872901774,4.774118808615057,2015
3115,2016-03-31,土耳其,4.5,1,TUR,4588835.9892619755,1.0160888031100754,5.0899737514958705,2016
3116,2016-06-30,土耳其,4.4,2,TUR,2367864.362710946,0.5395963964565293,3.048341060425878,2016
3117,2016-09-30,土耳其,0,3,TUR,3715436.469125588,0.8102860526847064,5.385944362022446,2016
3118,2016-12-31,土耳其,4.3,4,TUR,5208359.925712231,1.1139752091913442,5.017758017014187,2016
3119,2017-03-31,土耳其,5.4,1,TUR,6599347.236599688,1.4108263439360158,5.606494897016976,2017
3120,2017-06-30,土耳其,6.3,2,TUR,2650593.223097268,0.567519261711031,2.8846526198405553,2017
3121,2017-09-30,土耳其,11.1,3,TUR,4930289.083136088,1.0550100909511233,4.6037055048565145,2017
3122,2017-12-31,土耳其,7.2,4,TUR,6383920.160425401,1.3647713828572696,5.381357214638775,2017
3123,2018-03-31,土耳其,7.1,1,TUR,5914582.645506003,1.2644686421470166,5.666611737754136,2018
3124,2018-06-30,土耳其,5.4,2,TUR,2702964.2760830335,0.39008102792390087,2.3760156946700204,2018
3125,2018-09-30,土耳其,2.8,3,TUR,4238285.092772747,0.9060860129593192,4.244977996601262,2018
3126,2018-12-31,土耳其,-2.6,4,TUR,6092109.4924515635,1.3025152587766387,5.474807414179065,2018
3127,2019-03-31,土耳其,-2.3,1,TUR,7254688.855021555,1.5510045184404004,6.597697379769879,2019
3128,2019-06-30,土耳其,-0.7,2,TUR,3324257.5660282522,0.7120176566379176,3.161142065566226,2019
3129,2019-09-30,土耳其,0.8,3,TUR,5236459.282720827,1.1202008231797436,5.0665645166748305,2019
3130,2019-12-31,土耳其,5.8,4,TUR,6858280.177906978,1.4661817366803593,5.53701801921212,2019
3131,2020-03-31,土耳其,4.4,1,TUR,7072967.047301531,1.5122531135691448,6.159522289321511,2020
3132,2020-06-30,土耳其,-8.9,2,TUR,2679442.609825451,0.5728960169734015,2.780616500520701,2020
3133,2020-09-30,土耳其,5.5,3,TUR,5456753.58265267,1.1668218081572979,4.872134702629701,2020
3134,2020-12-31,土耳其,5.6,4,TUR,6920194.415692401,1.4794178003752558,5.644877871492224,2020
3135,2021-03-31,土耳其,7.6,1,TUR,8667330.356224526,1.2505593584825236,5.797068902558195,2021
3136,2021-06-30,土耳其,22.6,2,TUR,3659290.4553304017,0.528263218860309,2.7449481263271545,2021
3137,2021-09-30,土耳其,9.1,3,TUR,4843611.288136771,0.6988576603604999,3.5009937440423493,2021
3138,2021-12-31,土耳其,9.3,4,TUR,7174883.366578616,1.0352220754306016,4.8021261471730625,2021
3139,2022-03-31,土耳其,7.3,1,TUR,8759538.018657556,1.2638679619363595,5.605960310483948,2022
3140,2022-06-30,土耳其,7,2,TUR,3755443.050611465,0.5419416702516368,2.674321002573011,2022
3141,2022-09-30,土耳其,3.8,3,TUR,4605866.8011452705,0.6645535965343625,3.0442965331166447,2022
3142,2022-12-31,土耳其,3.4,4,TUR,7266514.012689978,1.0484434147040487,4.86279602505737,2022
3143,2023-03-31,土耳其,3,1,TUR,8225007.19528263,1.1867656417554573,5.163526808087463,2023
3144,2023-06-30,土耳其,5.2,2,TUR,2904814.0954560484,0.41914622344712527,2.316798562867118,2023
3145,2023-09-30,土耳其,5,3,TUR,5697865.649632014,0.8221394065812611,4.083617759726471,2023
3146,2023-12-31,土耳其,4.8,4,TUR,7747252.122414793,1.1178332714683257,5.1042021177856105,2023
3147,2024-03-31,土耳其,7.4,1,TUR,8467840.576064209,1.22178121048423,5.158500826136828,2024
3156,2013-03-31,沙特,-0.28,1,SAU,6975064.41437,0.8766200936349993,11.32700810817524,2013
3157,2013-06-30,沙特,1.7,2,SAU,7900932.369908214,0.8022636381768189,10.60282171250765,2013
3158,2013-09-30,沙特,3.81,3,SAU,7994838.075371693,0.8405432246928034,11.915159795996777,2013
3159,2013-12-31,沙特,4.9,4,SAU,8130436.512962028,0.9338279364037138,13.46072598049301,2013
3160,2014-03-31,沙特,6.84,1,SAU,7566185.205775134,0.9005797020127736,12.32959689973575,2014
3161,2014-06-30,沙特,3.93,2,SAU,8261384.370229855,1.0051077808497233,11.348495246953417,2014
3162,2014-09-30,沙特,2.06,3,SAU,9169542.689481147,0.9333745500430598,9.947692602090648,2014
3163,2014-12-31,沙特,2.55,4,SAU,8062275.466138594,2.034203203652719,17.364047884039177,2014
3164,2015-03-31,沙特,3.12,1,SAU,9509231.489811989,0.9667868009613444,13.831835711722855,2015
3165,2015-06-30,沙特,5.38,2,SAU,9032282.512961308,0.9406029555558896,10.386372746837091,2015
3166,2015-09-30,沙特,4.7,3,SAU,8909165.2584943,1.0042402326662128,16.64573603092502,2015
3167,2015-12-31,沙特,4.84,4,SAU,9518721.6734323,0.9685655012180531,27.370848076704974,2015
3168,2016-03-31,沙特,3.34,1,SAU,8483685.084815284,2.046150131693436,23.19761910761595,2016
3169,2016-06-30,沙特,0.89,2,SAU,9435042.667770522,1.0419304033693935,18.154289981744352,2016
3170,2016-09-30,沙特,0.44,3,SAU,9394756.683678208,1.1502053440724225,19.016550667493146,2016
3171,2016-12-31,沙特,2.84,4,SAU,9207461.65321053,1.290095617788781,15.6110866845777,2016
3172,2017-03-31,沙特,0.53,1,SAU,10263647.788228372,1.0423163194081386,12.397492825935187,2017
3173,2017-06-30,沙特,0.28,2,SAU,12040356.067307472,1.2222928731476668,12.875748889573073,2017
3174,2017-09-30,沙特,1.76,3,SAU,11670999.168708792,1.1847971897246588,9.287312662185785,2017
3175,2017-12-31,沙特,1.07,4,SAU,12179066.746259814,1.2363743904206044,13.560393578171455,2017
3176,2018-03-31,沙特,2.4,1,SAU,11203501.705747373,1.1373647051413525,12.285867835341469,2018
3177,2018-06-30,沙特,2.91,2,SAU,12201307.96775754,0.8424580745054318,8.210241748944933,2018
3178,2018-09-30,沙特,3.08,3,SAU,11471752.807406986,1.1645705488949212,9.325005369393484,2018
3179,2018-12-31,沙特,4.35,4,SAU,10690687.820869243,1.085318379784009,9.496773720389278,2018
3180,2019-03-31,沙特,1.35,1,SAU,10778017.771251498,1.0975898190300828,11.07283495776374,2019
3181,2019-06-30,沙特,1.57,2,SAU,11837771.465802694,1.201742462884939,9.46706577077759,2019
3182,2019-09-30,沙特,0.91,3,SAU,11227942.110398727,1.1398276244509533,9.262758145473994,2019
3183,2019-12-31,沙特,0.59,4,SAU,11242103.037076384,1.141729215316847,11.611496809090946,2019
3184,2020-03-31,沙特,-0.84,1,SAU,11439305.172437012,1.1838836267879076,13.427337583416238,2020
3185,2020-06-30,沙特,-7.07,2,SAU,11784250.792006938,1.1962940030955314,9.53307392741663,2020
3186,2020-09-30,沙特,-3.84,3,SAU,11693958.162132159,1.187130112959221,12.17156578255846,2020
3187,2020-12-31,沙特,-2.68,4,SAU,12190809.797825664,1.2375663851204726,14.109169915473807,2020
3188,2021-03-31,沙特,0.52,1,SAU,11310370.911450071,0.591530631529554,7.5785248524576225,2021
3189,2021-06-30,沙特,5.07,2,SAU,12876521.877077425,0.673440047519501,7.564566635855706,2021
3190,2021-09-30,沙特,6.32,3,SAU,12155217.60234838,0.6357159595147275,7.497107085017427,2021
3191,2021-12-31,沙特,8.35,4,SAU,12086856.817564854,0.6321406904198698,8.85698595492943,2021
3192,2022-03-31,沙特,7.53,1,SAU,11797139.706898319,0.6169885722506755,7.90363117397768,2022
3193,2022-06-30,沙特,9.1,2,SAU,13185448.357408233,0.6895968533386535,8.644795412735029,2022
3194,2022-09-30,沙特,8,3,SAU,11244958.928274235,0.5905815000369014,14.051615282264633,2022
3195,2022-12-31,沙特,5.57,4,SAU,11686681.050624853,0.6112115614146235,11.742943641925677,2022
3196,2023-03-31,沙特,3.21,1,SAU,12088673.473614251,0.6322357012425058,22.012607232799756,2023
3197,2023-06-30,沙特,1.65,2,SAU,13333534.836244838,0.6973419461555114,8.973220429847347,2023
3198,2023-09-30,沙特,-3.19,3,SAU,12609059.370135838,0.659451868861614,7.814309379462084,2023
3199,2023-12-31,沙特,-4.29,4,SAU,13430113.179460866,0.7023927846438914,10.888591702109345,2023
3200,2024-03-31,沙特,-1.75,1,SAU,11957991.58031235,0.6254010917023552,8.972511788961997,2024
3329,2013-03-31,瑞士,1.5,1,CHE,471355.9899434075,1.6763660833036145,3.993847871153671,2013
3330,2013-06-30,瑞士,2,2,CHE,80635.0133137293,0.2870809612456941,0.77602231312419,2013
3331,2013-09-30,瑞士,1.8,3,CHE,137181.38000652438,0.4890658661150595,1.4516829483868119,2013
3332,2013-12-31,瑞士,2.1,4,CHE,336402.8365278573,1.1964523417539497,2.9289930587113475,2013
3333,2014-03-31,瑞士,2.2,1,CHE,353604.66329329024,1.2576291830411157,3.3062875580133313,2014
3334,2014-06-30,瑞士,2.3,2,CHE,115800.873304847,0.4163462238072273,1.242794717215874,2014
3335,2014-09-30,瑞士,2.2,3,CHE,124111.86332949811,0.44142834962786986,1.4839995290503178,2014
3336,2014-12-31,瑞士,2.6,4,CHE,367926.2665932079,1.3104719618384038,3.23349952323581,2014
3337,2015-03-31,瑞士,1.8,1,CHE,425695.6098622282,1.513958850252746,3.5274105810785827,2015
3338,2015-06-30,瑞士,1.6,2,CHE,29179.356657026958,0.11990793701623582,0.8739446302127544,2015
3339,2015-09-30,瑞士,1.6,3,CHE,98243.96333997387,0.3553178466956987,1.0959084728295583,2015
3340,2015-12-31,瑞士,1.4,4,CHE,307377.8133151109,1.096510369809007,3.1029892854582766,2015
3341,2016-03-31,瑞士,2,1,CHE,381934.249884136,1.3611296873926724,3.5149590486574063,2016
3342,2016-06-30,瑞士,2.1,2,CHE,107373.7333062614,0.4036970753235683,1.236702646860274,2016
3343,2016-09-30,瑞士,2.3,3,CHE,148196.33995379694,0.5713378814447684,1.9845582808472584,2016
3344,2016-12-31,瑞士,1.9,4,CHE,322016.6466787706,1.1452505160817197,3.27312793683245,2016
3345,2017-03-31,瑞士,1.6,1,CHE,433992.25994450663,1.5434622536533642,3.9396497071688756,2017
3346,2017-06-30,瑞士,1.2,2,CHE,97773.9166615531,0.34794740486385534,0.9249598774135813,2017
3347,2017-09-30,瑞士,1,3,CHE,183704.24995707654,0.6533469835925799,1.7154176838237944,2017
3348,2017-12-31,瑞士,1.9,4,CHE,398527.91962790984,1.4173358784125172,3.2993795370491,2017
3349,2018-03-31,瑞士,2.9,1,CHE,380906.1064905599,1.3547006363631633,3.037001583010035,2018
3350,2018-06-30,瑞士,3.8,2,CHE,125200.4665870176,0.2429836153323984,1.0208080807788302,2018
3351,2018-09-30,瑞士,2.8,3,CHE,112918.09996541963,0.4015850998659923,1.117481477029739,2018
3352,2018-12-31,瑞士,2,4,CHE,346306.9232393739,1.2316184018838576,3.1152293467083774,2018
3353,2019-03-31,瑞士,1.1,1,CHE,426368.05987296137,1.5163489274432413,3.609685443611584,2019
3354,2019-06-30,瑞士,0.5,2,CHE,125770.70330698417,0.44729604988613764,1.1512020225486845,2019
3355,2019-09-30,瑞士,1.3,3,CHE,219823.29325915998,0.7822181469344036,2.212643159193474,2019
3356,2019-12-31,瑞士,1.7,4,CHE,344007.87305424357,1.2234520808945704,2.7341509846019387,2019
3357,2020-03-31,瑞士,0.1,1,CHE,347847.6499444551,1.2370951449225058,3.0827878998102984,2020
3358,2020-06-30,瑞士,-7,2,CHE,135815.25324757895,0.483017178428055,1.3020802033478307,2020
3359,2020-09-30,瑞士,-1,3,CHE,141677.59664481756,0.5046561920110276,1.604337423549224,2020
3360,2020-12-31,瑞士,-1.2,4,CHE,378368.3930093472,1.3456399721508465,2.8153414755150905,2020
3361,2021-03-31,瑞士,0.6,1,CHE,472915.78318319906,0.9165340709197549,3.1451644550005824,2021
3362,2021-06-30,瑞士,10.5,2,CHE,130629.01663484673,0.2531678029583562,0.934730765023676,2021
3363,2021-09-30,瑞士,5.5,3,CHE,112682.68001371746,0.21838405844700118,0.780009656615756,2021
3364,2021-12-31,瑞士,5.3,4,CHE,378527.25974062085,0.73360380115338,2.2892484553716597,2021
3365,2022-03-31,瑞士,4.9,1,CHE,400765.41625453037,0.7767012470435718,2.5674662644120914,2022
3366,2022-06-30,瑞士,3.2,2,CHE,103015.07658542384,0.1996520682001264,0.6737613955963314,2022
3367,2022-09-30,瑞士,1.4,3,CHE,131602.55995132154,0.2550528446515819,1.0799869804621987,2022
3368,2022-12-31,瑞士,1.2,4,CHE,311611.97964866646,0.6039201576342684,1.801114293906729,2022
3369,2023-03-31,瑞士,1.6,1,CHE,402664.0997841389,0.7803937388120651,2.423603827432065,2023
3370,2023-06-30,瑞士,0.4,2,CHE,18351.093343706798,0.0356194273352759,0.405954205215485,2023
3371,2023-09-30,瑞士,0.4,3,CHE,110773.76654915576,0.21468616281163133,0.7306980502619812,2023
3372,2023-12-31,瑞士,0.7,4,CHE,303992.39646218595,0.5892204979469201,2.0569876257586244,2023
3373,2024-03-31,瑞士,0.8,1,CHE,372294.9498756081,0.7215270103910758,2.030176445928942,2024
3442,2013-03-31,波兰,-0.4,1,POL,4682102.239240424,1.975798745106453,6.776164121320423,2013
3443,2013-06-30,波兰,0.6,2,POL,46056.17331892686,0.019515079604465534,0.17288345798437063,2013
3444,2013-09-30,波兰,1.3,3,POL,500873.27631163335,0.21500462798078182,1.9853790023362892,2013
3445,2013-12-31,波兰,1.9,4,POL,2802582.3265715726,1.1877500071722389,8.468035148029976,2013
3446,2014-03-31,波兰,3.4,1,POL,3522667.9489967874,1.492867411521769,7.476480540069278,2014
3447,2014-06-30,波兰,3.7,2,POL,333326.1633455964,0.14069138217719665,0.901367044225124,2014
3448,2014-09-30,波兰,3.8,3,POL,884932.3931242023,0.3736543796585603,2.6000802553989115,2014
3449,2014-12-31,波兰,4.1,4,POL,3033285.029049767,1.3001022032502723,6.366648582233876,2014
3450,2015-03-31,波兰,4.4,1,POL,3332754.5862231725,1.4065651013008347,9.710189733589331,2015
3451,2015-06-30,波兰,3.9,2,POL,0.0,0.0,0.0,2015
3452,2015-09-30,波兰,4.4,3,POL,816032.0331831212,0.35337596478812633,2.3318749770339364,2015
3453,2015-12-31,波兰,4.4,4,POL,2447661.646073464,1.0434202210754233,8.5812164295495,2015
3454,2016-03-31,波兰,2.5,1,POL,3499373.146016348,1.5180734616890004,8.549219859117768,2016
3455,2016-06-30,波兰,3.4,2,POL,333458.389993053,0.14227315160191523,1.1413777009366555,2016
3456,2016-09-30,波兰,2.7,3,POL,885808.6098760014,0.4010546529566293,2.1873832970978,2016
3457,2016-12-31,波兰,3.8,4,POL,2847219.8226831243,1.201822206886255,6.526923256320551,2016
3458,2017-03-31,波兰,5.3,1,POL,4195190.61176426,1.7703923445489276,7.598001612746214,2017
3459,2017-06-30,波兰,4.8,2,POL,267387.62326611456,0.11344568537098733,1.5443382069395666,2017
3460,2017-09-30,波兰,5.7,3,POL,1081975.5897205372,0.4565710109353913,2.3057956910146338,2017
3461,2017-12-31,波兰,5.1,4,POL,2991022.837909226,1.2621545576642366,6.620736533054122,2017
3462,2018-03-31,波兰,5.8,1,POL,4397472.16852515,1.8556501108857582,7.329484124717964,2018
3463,2018-06-30,波兰,6.2,2,POL,38.439999853571265,1.1392279346031967e-05,0.0012921855033413666,2018
3464,2018-09-30,波兰,6,3,POL,1033595.3098442416,0.436921981360662,3.099154632243453,2018
3465,2018-12-31,波兰,5.5,4,POL,3202874.6926422953,1.3515790122984621,8.123919756966588,2018
3466,2019-03-31,波兰,5.1,1,POL,4236406.095445008,1.7876823372449315,8.04579075850564,2019
3467,2019-06-30,波兰,4.6,2,POL,515482.776692933,0.21935857354414579,1.9061014432355174,2019
3468,2019-09-30,波兰,4.1,3,POL,1006961.3330675854,0.4252111919999737,2.7173036305055107,2019
3469,2019-12-31,波兰,3.8,4,POL,3281817.198207023,1.3848588013434588,6.936330548795927,2019
3470,2020-03-31,波兰,3,1,POL,3118224.6489728442,1.315888405849639,5.828384745979148,2020
3471,2020-06-30,波兰,-7.2,2,POL,430789.2099457493,0.1817840133859131,1.0895236000068598,2020
3472,2020-09-30,波兰,-1.7,3,POL,1078500.2698387294,0.4551092999837237,2.3679272171474346,2020
3473,2020-12-31,波兰,-2.2,4,POL,3193977.9108268865,1.3478220670623855,6.445615138430277,2020
3474,2021-03-31,波兰,-0.7,1,POL,7262082.716184062,2.1522432646921623,9.667567435198299,2021
3475,2021-06-30,波兰,12.2,2,POL,199083.89319882417,0.059003571975458996,0.825555405332176,2021
3476,2021-09-30,波兰,7.2,3,POL,662896.6528516077,0.19648199504231176,1.1043168297986636,2021
3477,2021-12-31,波兰,9.3,4,POL,4031914.5678050593,1.1949557643674933,5.594065439529481,2021
3478,2022-03-31,波兰,10.5,1,POL,4144025.1341579747,1.2281501556390093,5.478767330386668,2022
3479,2022-06-30,波兰,6.8,2,POL,36597.21668154127,0.010846483229066166,0.24564618402597602,2022
3480,2022-09-30,波兰,5.1,3,POL,1061639.1460211247,0.31465185838732185,1.2471008310316736,2022
3481,2022-12-31,波兰,1.4,4,POL,3547006.850748343,1.0512357640607053,5.569896562060329,2022
3482,2023-03-31,波兰,-1.1,1,POL,3252568.578056406,0.9640832514744382,5.393986687495311,2023
3483,2023-06-30,波兰,-0.5,2,POL,0.0,0.0,0.0,2023
3484,2023-09-30,波兰,0.2,3,POL,1099141.248880251,0.3257766949563714,1.3462337801097177,2023
3485,2023-12-31,波兰,1.7,4,POL,3245878.3114336594,0.962282947642196,6.731272953629073,2023
3486,2024-03-31,波兰,1.3,1,POL,8167336.037964184,2.420582563146593,11.93884164120561,2024
