,date,country,GDP,year,quarter
255,2011-12-31,中国,8.8,2011,4
256,2012-03-31,中国,8.1,2012,1
257,2012-06-30,中国,7.7,2012,2
258,2012-09-30,中国,7.5,2012,3
259,2012-12-31,中国,8.1,2012,4
260,2013-03-31,中国,7.9,2013,1
261,2013-06-30,中国,7.6,2013,2
262,2013-09-30,中国,7.9,2013,3
263,2013-12-31,中国,7.7,2013,4
264,2014-03-31,中国,7.5,2014,1
265,2014-06-30,中国,7.6,2014,2
266,2014-09-30,中国,7.2,2014,3
267,2014-12-31,中国,7.3,2014,4
268,2015-03-31,中国,7.1,2015,1
269,2015-06-30,中国,7.1,2015,2
270,2015-09-30,中国,7,2015,3
271,2015-12-31,中国,6.9,2015,4
272,2016-03-31,中国,6.9,2016,1
273,2016-06-30,中国,6.8,2016,2
274,2016-09-30,中国,6.8,2016,3
275,2016-12-31,中国,6.9,2016,4
276,2017-03-31,中国,7,2017,1
277,2017-06-30,中国,7,2017,2
278,2017-09-30,中国,6.9,2017,3
279,2017-12-31,中国,6.8,2017,4
280,2018-03-31,中国,6.9,2018,1
281,2018-06-30,中国,6.9,2018,2
282,2018-09-30,中国,6.7,2018,3
283,2018-12-31,中国,6.5,2018,4
284,2019-03-31,中国,6.3,2019,1
285,2019-06-30,中国,6,2019,2
286,2019-09-30,中国,5.9,2019,3
287,2019-12-31,中国,5.8,2019,4
288,2020-03-31,中国,-6.9,2020,1
289,2020-06-30,中国,3.1,2020,2
290,2020-09-30,中国,4.8,2020,3
291,2020-12-31,中国,6.4,2020,4
292,2021-03-31,中国,18.7,2021,1
293,2021-06-30,中国,8.3,2021,2
294,2021-09-30,中国,5.2,2021,3
295,2021-12-31,中国,4.3,2021,4
541,2006-12-31,美国,2.635,2006,4
542,2007-03-31,美国,1.577,2007,1
543,2007-06-30,美国,1.934,2007,2
544,2007-09-30,美国,2.3684,2007,3
545,2007-12-31,美国,2.1332,2007,4
546,2008-03-31,美国,1.3924,2008,1
547,2008-06-30,美国,1.3761,2008,2
548,2008-09-30,美国,0.2659,2008,3
549,2008-12-31,美国,-2.5409,2008,4
551,2009-06-30,美国,-3.9792,2009,2
552,2009-09-30,美国,-3.1327,2009,3
553,2009-12-31,美国,0.1055,2009,4
554,2010-03-31,美国,1.745,2010,1
555,2010-06-30,美国,2.9141,2010,2
556,2010-09-30,美国,3.3443,2010,3
557,2010-12-31,美国,2.7759,2010,4
559,2011-06-30,美国,1.7434,2011,2
560,2011-09-30,美国,0.9424,2011,3
561,2011-12-31,美国,1.543,2011,4
563,2012-06-30,美国,2.4033,2012,2
564,2012-09-30,美国,2.5741,2012,3
565,2012-12-31,美国,1.552,2012,4
566,2013-03-31,美国,1.7009,2013,1
567,2013-06-30,美国,1.5202,2013,2
568,2013-09-30,美国,2.237,2013,3
569,2013-12-31,美国,3.0086,2013,4
570,2014-03-31,美国,1.651,2014,1
571,2014-06-30,美国,2.6889,2014,2
572,2014-09-30,美国,3.0593,2014,3
573,2014-12-31,美国,2.6859,2014,4
574,2015-03-31,美国,3.969,2015,1
575,2015-06-30,美国,3.2789,2015,2
576,2015-09-30,美国,2.4475,2015,3
577,2015-12-31,美国,2.12,2015,4
578,2016-03-31,美国,1.7952,2016,1
579,2016-06-30,美国,1.4934,2016,2
580,2016-09-30,美国,1.8057,2016,3
581,2016-12-31,美国,2.1819,2016,4
582,2017-03-31,美国,2.0872,2017,1
583,2017-06-30,美国,2.3302,2017,2
584,2017-09-30,美国,2.4112,2017,3
585,2017-12-31,美国,2.9941,2017,4
586,2018-03-31,美国,3.3292,2018,1
587,2018-06-30,美国,3.2993,2018,2
588,2018-09-30,美国,3.1301,2018,3
589,2018-12-31,美国,2.125,2018,4
590,2019-03-31,美国,1.8514,2019,1
591,2019-06-30,美国,2.1538,2019,2
592,2019-09-30,美国,2.6701,2019,3
593,2019-12-31,美国,3.1825,2019,4
594,2020-03-31,美国,1.2265,2020,1
595,2020-06-30,美国,-7.5285,2020,2
596,2020-09-30,美国,-1.4689,2020,3
597,2020-12-31,美国,-1.0835,2020,4
598,2021-03-31,美国,1.5722,2021,1
599,2021-06-30,美国,11.9502,2021,2
600,2021-09-30,美国,4.7353,2021,3
601,2021-12-31,美国,5.4212,2021,4
602,2022-03-31,美国,3.5654,2022,1
603,2022-06-30,美国,1.871,2022,2
604,2022-09-30,美国,1.713,2022,3
840,2005-03-31,德国,0.2,2005,1
841,2005-06-30,德国,0.2,2005,2
842,2005-09-30,德国,1.3,2005,3
843,2005-12-31,德国,1.9,2005,4
844,2006-03-31,德国,2.9,2006,1
845,2006-06-30,德国,4.1,2006,2
846,2006-09-30,德国,4,2006,3
847,2006-12-31,德国,5.1,2006,4
848,2007-03-31,德国,4.1,2007,1
849,2007-06-30,德国,3.2,2007,2
850,2007-09-30,德国,3,2007,3
851,2007-12-31,德国,2.1,2007,4
852,2008-03-31,德国,2.7,2008,1
853,2008-06-30,德国,1.6,2008,2
854,2008-09-30,德国,0.4,2008,3
855,2008-12-31,德国,-1.8,2008,4
856,2009-03-31,德国,-7,2009,1
857,2009-06-30,德国,-6.7,2009,2
858,2009-09-30,德国,-5.5,2009,3
859,2009-12-31,德国,-3.3,2009,4
860,2010-03-31,德国,2.3,2010,1
861,2010-06-30,德国,4.4,2010,2
862,2010-09-30,德国,4.7,2010,3
863,2010-12-31,德国,4.8,2010,4
864,2011-03-31,德国,5.9,2011,1
865,2011-06-30,德国,3.7,2011,2
866,2011-09-30,德国,3.8,2011,3
867,2011-12-31,德国,2.6,2011,4
868,2012-03-31,德国,0.9,2012,1
869,2012-06-30,德国,1,2012,2
870,2012-09-30,德国,0.4,2012,3
871,2012-12-31,德国,0.2,2012,4
872,2013-03-31,德国,-0.4,2013,1
873,2013-06-30,德国,0.5,2013,2
874,2013-09-30,德国,0.7,2013,3
875,2013-12-31,德国,1.5,2013,4
876,2014-03-31,德国,2.9,2014,1
877,2014-06-30,德国,1.8,2014,2
878,2014-09-30,德国,1.8,2014,3
879,2014-12-31,德国,2.3,2014,4
880,2015-03-31,德国,0.8,2015,1
881,2015-06-30,德国,1.6,2015,2
882,2015-09-30,德国,1.5,2015,3
883,2015-12-31,德国,1.1,2015,4
884,2016-03-31,德国,2.5,2016,1
885,2016-06-30,德国,2.2,2016,2
886,2016-09-30,德国,2,2016,3
887,2016-12-31,德国,1.9,2016,4
888,2017-03-31,德国,2.3,2017,1
889,2017-06-30,德国,2.7,2017,2
890,2017-09-30,德国,3.2,2017,3
891,2017-12-31,德国,3.8,2017,4
892,2018-03-31,德国,1.9,2018,1
893,2018-06-30,德国,1.8,2018,2
894,2018-09-30,德国,0.2,2018,3
895,2018-12-31,德国,0.1,2018,4
896,2019-03-31,德国,1.4,2019,1
897,2019-06-30,德国,0.6,2019,2
898,2019-09-30,德国,1.5,2019,3
899,2019-12-31,德国,0.9,2019,4
900,2020-03-31,德国,-1.5,2020,1
901,2020-06-30,德国,-10.6,2020,2
902,2020-09-30,德国,-2.6,2020,3
903,2020-12-31,德国,-2.1,2020,4
904,2021-03-31,德国,-1.6,2021,1
905,2021-06-30,德国,10.8,2021,2
906,2021-09-30,德国,2.4,2021,3
907,2021-12-31,德国,1.6,2021,4
908,2022-03-31,德国,4,2022,1
909,2022-06-30,德国,1.6,2022,2
1165,2009-12-31,日本,-1.7,2009,4
1169,2010-12-31,日本,3,2010,4
1171,2011-06-30,日本,-0.9,2011,2
1172,2011-09-30,日本,-0.3,2011,3
1173,2011-12-31,日本,0.2,2011,4
1174,2012-03-31,日本,3,2012,1
1175,2012-06-30,日本,2.8,2012,2
1176,2012-09-30,日本,-0.1,2012,3
1177,2012-12-31,日本,-0.1,2012,4
1178,2013-03-31,日本,0,2013,1
1179,2013-06-30,日本,1.8,2013,2
1192,2016-09-30,日本,0.5,2016,3
1193,2016-12-31,日本,1,2016,4
1194,2017-03-31,日本,1,2017,1
1195,2017-06-30,日本,1.4,2017,2
1196,2017-09-30,日本,2,2017,3
1197,2017-12-31,日本,2.2,2017,4
1198,2018-03-31,日本,1.4,2018,1
1199,2018-06-30,日本,1.3,2018,2
1200,2018-09-30,日本,0,2018,3
1201,2018-12-31,日本,-0.1,2018,4
1202,2019-03-31,日本,-0.2,2019,1
1203,2019-06-30,日本,0,2019,2
1204,2019-09-30,日本,0.6,2019,3
1205,2019-12-31,日本,-2,2019,4
1206,2020-03-31,日本,-1.7,2020,1
1207,2020-06-30,日本,-9.7,2020,2
1208,2020-09-30,日本,-5,2020,3
1209,2020-12-31,日本,-0.4,2020,4
1210,2021-03-31,日本,-0.6,2021,1
1211,2021-06-30,日本,8,2021,2
1212,2021-09-30,日本,2.3,2021,3
1213,2021-12-31,日本,1.6,2021,4
1214,2022-03-31,日本,0.7,2022,1
1215,2022-06-30,日本,1.7,2022,2
1216,2022-09-30,日本,1.7,2022,3
1762,2006-03-31,英国,3.1,2006,1
1763,2006-06-30,英国,2.64,2006,2
1764,2006-09-30,英国,2.12,2006,3
1765,2006-12-31,英国,1.7,2006,4
1766,2007-03-31,英国,2.13,2007,1
1767,2007-06-30,英国,2.48,2007,2
1768,2007-09-30,英国,2.89,2007,3
1769,2007-12-31,英国,2.97,2007,4
1770,2008-03-31,英国,2.5,2008,1
1771,2008-06-30,英国,1.26,2008,2
1772,2008-09-30,英国,-0.96,2008,3
1773,2008-12-31,英国,-3.64,2008,4
1774,2009-03-31,英国,-6.06,2009,1
1775,2009-06-30,英国,-5.91,2009,2
1776,2009-09-30,英国,-4.38,2009,3
1777,2009-12-31,英国,-2.01,2009,4
1778,2010-03-31,英国,0.96,2010,1
1779,2010-06-30,英国,2.4,2010,2
1780,2010-09-30,英国,2.9,2010,3
1781,2010-12-31,英国,2.69,2010,4
1782,2011-03-31,英国,2,2011,1
1783,2011-06-30,英国,1.01,2011,2
1784,2011-09-30,英国,0.77,2011,3
1785,2011-12-31,英国,0.82,2011,4
1786,2012-03-31,英国,1.44,2012,1
1787,2012-06-30,英国,1.18,2012,2
1788,2012-09-30,英国,1.84,2012,3
1789,2012-12-31,英国,1.59,2012,4
1790,2013-03-31,英国,0.99,2013,1
1791,2013-06-30,英国,1.86,2013,2
1792,2013-09-30,英国,1.74,2013,3
1793,2013-12-31,英国,2.57,2013,4
1794,2014-03-31,英国,3.12,2014,1
1795,2014-06-30,英国,3.27,2014,2
1796,2014-09-30,英国,3.19,2014,3
1797,2014-12-31,英国,3.2,2014,4
1798,2015-03-31,英国,2.66,2015,1
1799,2015-06-30,英国,2.36,2015,2
1800,2015-09-30,英国,2,2015,3
1801,2015-12-31,英国,1.87,2015,4
1802,2016-03-31,英国,1.94,2016,1
1803,2016-06-30,英国,1.91,2016,2
1804,2016-09-30,英国,1.89,2016,3
1805,2016-12-31,英国,1.95,2016,4
1806,2017-03-31,英国,2.43,2017,1
1807,2017-06-30,英国,2.52,2017,2
1808,2017-09-30,英国,2.79,2017,3
1809,2017-12-31,英国,2.87,2017,4
1810,2018-03-31,英国,2.07,2018,1
1811,2018-06-30,英国,1.59,2018,2
1812,2018-09-30,英国,1.28,2018,3
1813,2018-12-31,英国,0.69,2018,4
1814,2019-03-31,英国,1.36,2019,1
1815,2019-06-30,英国,1.52,2019,2
1816,2019-09-30,英国,1.92,2019,3
1817,2019-12-31,英国,1.77,2019,4
1818,2020-03-31,英国,-1.72,2020,1
1819,2020-06-30,英国,-21.94,2020,2
1820,2020-09-30,英国,-9.51,2020,3
1821,2020-12-31,英国,-8.26,2020,4
1822,2021-03-31,英国,-6.66,2021,1
1823,2021-06-30,英国,25.73,2021,2
1824,2021-09-30,英国,9.52,2021,3
1825,2021-12-31,英国,9.69,2021,4
1826,2022-03-31,英国,11.42,2022,1
1827,2022-06-30,英国,3.9,2022,2
2052,2002-03-31,法国,0.7,2002,1
2053,2002-06-30,法国,1.2,2002,2
2054,2002-09-30,法国,1,2002,3
2055,2002-12-31,法国,1.6,2002,4
2056,2003-03-31,法国,1.3,2003,1
2057,2003-06-30,法国,0.3,2003,2
2058,2003-09-30,法国,1,2003,3
2059,2003-12-31,法国,1.3,2003,4
2060,2004-03-31,法国,2,2004,1
2061,2004-06-30,法国,3,2004,2
2062,2004-09-30,法国,2.3,2004,3
2063,2004-12-31,法国,2.8,2004,4
2064,2005-03-31,法国,2,2005,1
2065,2005-06-30,法国,1.8,2005,2
2066,2005-09-30,法国,2.1,2005,3
2067,2005-12-31,法国,2,2005,4
2068,2006-03-31,法国,2.5,2006,1
2069,2006-06-30,法国,3.5,2006,2
2070,2006-09-30,法国,2.9,2006,3
2071,2006-12-31,法国,2.8,2006,4
2072,2007-03-31,法国,2.9,2007,1
2073,2007-06-30,法国,2.4,2007,2
2074,2007-09-30,法国,2.6,2007,3
2075,2007-12-31,法国,2.1,2007,4
2076,2008-03-31,法国,1.9,2008,1
2077,2008-06-30,法国,0.6,2008,2
2078,2008-09-30,法国,0,2008,3
2079,2008-12-31,法国,-1.4,2008,4
2080,2009-03-31,法国,-4,2009,1
2081,2009-06-30,法国,-3.2,2009,2
2082,2009-09-30,法国,-2.9,2009,3
2083,2009-12-31,法国,-0.8,2009,4
2084,2010-03-31,法国,1.4,2010,1
2085,2010-06-30,法国,1.7,2010,2
2086,2010-09-30,法国,2.3,2010,3
2087,2010-12-31,法国,2,2010,4
2088,2011-03-31,法国,3.1,2011,1
2089,2011-06-30,法国,2.6,2011,2
2090,2011-09-30,法国,2.3,2011,3
2091,2011-12-31,法国,2,2011,4
2092,2012-03-31,法国,0.7,2012,1
2093,2012-06-30,法国,0.2,2012,2
2094,2012-09-30,法国,0.2,2012,3
2095,2012-12-31,法国,-0.1,2012,4
2096,2013-03-31,法国,-0.1,2013,1
2097,2013-06-30,法国,1.2,2013,2
2098,2013-09-30,法国,0.9,2013,3
2099,2013-12-31,法国,1.6,2013,4
2100,2014-03-31,法国,1.5,2014,1
2101,2014-06-30,法国,0.8,2014,2
2102,2014-09-30,法国,1.4,2014,3
2103,2014-12-31,法国,0.4,2014,4
2104,2015-03-31,法国,1,2015,1
2105,2015-06-30,法国,1,2015,2
2106,2015-09-30,法国,0.7,2015,3
2107,2015-12-31,法国,1.2,2015,4
2108,2016-03-31,法国,1,2016,1
2109,2016-06-30,法国,0.6,2016,2
2110,2016-09-30,法国,0.5,2016,3
2111,2016-12-31,法国,0.8,2016,4
2112,2017-03-31,法国,1.1,2017,1
2113,2017-06-30,法国,2.2,2017,2
2114,2017-09-30,法国,2.9,2017,3
2115,2017-12-31,法国,2.9,2017,4
2116,2018-03-31,法国,2.2,2018,1
2117,2018-06-30,法国,1.5,2018,2
2118,2018-09-30,法国,1.3,2018,3
2119,2018-12-31,法国,1.4,2018,4
2120,2019-03-31,法国,2.4,2019,1
2121,2019-06-30,法国,2.7,2019,2
2122,2019-09-30,法国,2.2,2019,3
2123,2019-12-31,法国,1,2019,4
2124,2020-03-31,法国,-5.1,2020,1
2125,2020-06-30,法国,-17.2,2020,2
2126,2020-09-30,法国,-4.3,2020,3
2127,2020-12-31,法国,-3.8,2020,4
2128,2021-03-31,法国,1.7,2021,1
2129,2021-06-30,法国,17.4,2021,2
2130,2021-09-30,法国,4.4,2021,3
2131,2021-12-31,法国,5.1,2021,4
2132,2022-03-31,法国,4.7,2022,1
2133,2022-06-30,法国,3.7,2022,2
2361,2002-12-31,巴西,5.1726,2002,4
2362,2003-03-31,巴西,2.667,2003,1
2363,2003-06-30,巴西,0.7812,2003,2
2364,2003-09-30,巴西,0.6262,2003,3
2365,2003-12-31,巴西,0.5887,2003,4
2366,2004-03-31,巴西,3.8781,2004,1
2367,2004-06-30,巴西,6.3083,2004,2
2368,2004-09-30,巴西,6.5588,2004,3
2369,2004-12-31,巴西,6.2094,2004,4
2370,2005-03-31,巴西,4.1843,2005,1
2371,2005-06-30,巴西,4.475,2005,2
2372,2005-09-30,巴西,2.115,2005,3
2373,2005-12-31,巴西,2.1506,2005,4
2374,2006-03-31,巴西,4.2791,2006,1
2375,2006-06-30,巴西,2.2833,2006,2
2376,2006-09-30,巴西,4.4928,2006,3
2377,2006-12-31,巴西,4.7952,2006,4
2378,2007-03-31,巴西,5.1947,2007,1
2379,2007-06-30,巴西,6.5373,2007,2
2380,2007-09-30,巴西,5.8703,2007,3
2381,2007-12-31,巴西,6.6397,2007,4
2382,2008-03-31,巴西,6.1574,2008,1
2383,2008-06-30,巴西,6.3361,2008,2
2384,2008-09-30,巴西,6.9808,2008,3
2385,2008-12-31,巴西,1.0284,2008,4
2386,2009-03-31,巴西,-2.4261,2009,1
2387,2009-06-30,巴西,-2.203,2009,2
2388,2009-09-30,巴西,-1.1627,2009,3
2389,2009-12-31,巴西,5.3243,2009,4
2390,2010-03-31,巴西,9.2091,2010,1
2391,2010-06-30,巴西,8.5177,2010,2
2392,2010-09-30,巴西,6.9072,2010,3
2393,2010-12-31,巴西,5.6893,2010,4
2394,2011-03-31,巴西,5.1951,2011,1
2395,2011-06-30,巴西,4.7005,2011,2
2396,2011-09-30,巴西,3.5373,2011,3
2397,2011-12-31,巴西,2.568,2011,4
2398,2012-03-31,巴西,1.7072,2012,1
2399,2012-06-30,巴西,0.9865,2012,2
2400,2012-09-30,巴西,2.4854,2012,3
2401,2012-12-31,巴西,2.4828,2012,4
2402,2013-03-31,巴西,2.7211,2013,1
2403,2013-06-30,巴西,4.0218,2013,2
2404,2013-09-30,巴西,2.759,2013,3
2405,2013-12-31,巴西,2.5288,2013,4
2406,2014-03-31,巴西,3.4694,2014,1
2407,2014-06-30,巴西,-0.4353,2014,2
2408,2014-09-30,巴西,-0.6388,2014,3
2409,2014-12-31,巴西,-0.2285,2014,4
2410,2015-03-31,巴西,-1.6194,2015,1
2411,2015-06-30,巴西,-2.7404,2015,2
2412,2015-09-30,巴西,-4.2628,2015,3
2664,2002-03-31,意大利,-0.6,2002,1
2665,2002-06-30,意大利,0,2002,2
2666,2002-09-30,意大利,0.6,2002,3
2667,2002-12-31,意大利,1.1,2002,4
2668,2003-03-31,意大利,0.6,2003,1
2669,2003-06-30,意大利,0.1,2003,2
2670,2003-09-30,意大利,-0.1,2003,3
2671,2003-12-31,意大利,0.5,2003,4
2672,2004-03-31,意大利,1,2004,1
2673,2004-06-30,意大利,1.4,2004,2
2674,2004-09-30,意大利,1.5,2004,3
2675,2004-12-31,意大利,0.8,2004,4
2676,2005-03-31,意大利,0.3,2005,1
2677,2005-06-30,意大利,0.9,2005,2
2678,2005-09-30,意大利,1.6,2005,3
2679,2005-12-31,意大利,1.3,2005,4
2680,2006-03-31,意大利,1.8,2006,1
2681,2006-06-30,意大利,1.7,2006,2
2682,2006-09-30,意大利,1.4,2006,3
2683,2006-12-31,意大利,2.7,2006,4
2684,2007-03-31,意大利,2.3,2007,1
2685,2007-06-30,意大利,1.8,2007,2
2686,2007-09-30,意大利,1.4,2007,3
2687,2007-12-31,意大利,-0.2,2007,4
2688,2008-03-31,意大利,1.3,2008,1
2689,2008-06-30,意大利,0,2008,2
2690,2008-09-30,意大利,-1.4,2008,3
2691,2008-12-31,意大利,-3.7,2008,4
2692,2009-03-31,意大利,-7.2,2009,1
2693,2009-06-30,意大利,-6.8,2009,2
2694,2009-09-30,意大利,-5.1,2009,3
2695,2009-12-31,意大利,-2.1,2009,4
2696,2010-03-31,意大利,0.6,2010,1
2697,2010-06-30,意大利,2,2010,2
2698,2010-09-30,意大利,1.9,2010,3
2699,2010-12-31,意大利,2.1,2010,4
2700,2011-03-31,意大利,2.3,2011,1
2701,2011-06-30,意大利,1.6,2011,2
2702,2011-09-30,意大利,0.6,2011,3
2703,2011-12-31,意大利,-0.9,2011,4
2704,2012-03-31,意大利,-2.5,2012,1
2705,2012-06-30,意大利,-3.3,2012,2
2706,2012-09-30,意大利,-3.3,2012,3
2707,2012-12-31,意大利,-3,2012,4
2708,2013-03-31,意大利,-2.9,2013,1
2709,2013-06-30,意大利,-2.2,2013,2
2710,2013-09-30,意大利,-1.5,2013,3
2711,2013-12-31,意大利,-0.9,2013,4
2712,2014-03-31,意大利,0.2,2014,1
2713,2014-06-30,意大利,0.1,2014,2
2714,2014-09-30,意大利,0.1,2014,3
2715,2014-12-31,意大利,-0.1,2014,4
2716,2015-03-31,意大利,0.1,2015,1
2717,2015-06-30,意大利,0.5,2015,2
2718,2015-09-30,意大利,0.5,2015,3
2719,2015-12-31,意大利,1.4,2015,4
2720,2016-03-31,意大利,1.4,2016,1
2721,2016-06-30,意大利,1.2,2016,2
2722,2016-09-30,意大利,1.6,2016,3
2723,2016-12-31,意大利,1.5,2016,4
2724,2017-03-31,意大利,1.6,2017,1
2725,2017-06-30,意大利,1.8,2017,2
2726,2017-09-30,意大利,1.7,2017,3
2727,2017-12-31,意大利,1.9,2017,4
2728,2018-03-31,意大利,1.3,2018,1
2729,2018-06-30,意大利,0.9,2018,2
2730,2018-09-30,意大利,0.6,2018,3
2731,2018-12-31,意大利,0.3,2018,4
2732,2019-03-31,意大利,0.5,2019,1
2733,2019-06-30,意大利,0.8,2019,2
2734,2019-09-30,意大利,0.8,2019,3
2735,2019-12-31,意大利,-0.2,2019,4
2736,2020-03-31,意大利,-6.3,2020,1
2737,2020-06-30,意大利,-17.6,2020,2
2738,2020-09-30,意大利,-6.2,2020,3
2739,2020-12-31,意大利,-6,2020,4
2740,2021-03-31,意大利,1.5,2021,1
2741,2021-06-30,意大利,18.1,2021,2
2742,2021-09-30,意大利,6.6,2021,3
2743,2021-12-31,意大利,8,2021,4
2744,2022-03-31,意大利,6.6,2022,1
2745,2022-06-30,意大利,5.3,2022,2
2942,1995-03-31,加拿大,4.46,1995,1
2943,1995-06-30,加拿大,3,1995,2
2944,1995-09-30,加拿大,1.83,1995,3
2945,1995-12-31,加拿大,1.5,1995,4
2946,1996-03-31,加拿大,0.72,1996,1
2947,1996-06-30,加拿大,1.4,1996,2
2948,1996-09-30,加拿大,2.12,1996,3
2949,1996-12-31,加拿大,2.51,1996,4
2950,1997-03-31,加拿大,3.73,1997,1
2951,1997-06-30,加拿大,4.16,1997,2
2952,1997-09-30,加拿大,4.52,1997,3
2953,1997-12-31,加拿大,4.7,1997,4
2954,1998-03-31,加拿大,4.77,1998,1
2955,1998-06-30,加拿大,3.66,1998,2
2956,1998-09-30,加拿大,3.38,1998,3
2957,1998-12-31,加拿大,3.78,1998,4
2958,1999-03-31,加拿大,4.18,1999,1
2959,1999-06-30,加拿大,4.98,1999,2
2960,1999-09-30,加拿大,5.67,1999,3
2961,1999-12-31,加拿大,5.71,1999,4
2962,2000-03-31,加拿大,5.47,2000,1
2963,2000-06-30,加拿大,5.83,2000,2
2964,2000-09-30,加拿大,5.27,2000,3
2965,2000-12-31,加拿大,4.02,2000,4
2966,2001-03-31,加拿大,2.99,2001,1
2967,2001-06-30,加拿大,2.11,2001,2
2968,2001-09-30,加拿大,1.01,2001,3
2969,2001-12-31,加拿大,1.41,2001,4
2970,2002-03-31,加拿大,2.32,2002,1
2971,2002-06-30,加拿大,2.6,2002,2
2972,2002-09-30,加拿大,3.56,2002,3
2973,2002-12-31,加拿大,3.51,2002,4
2974,2003-03-31,加拿大,2.59,2003,1
2975,2003-06-30,加拿大,1.84,2003,2
2976,2003-09-30,加拿大,1.34,2003,3
2977,2003-12-31,加拿大,1.48,2003,4
2978,2004-03-31,加拿大,1.65,2004,1
2979,2004-06-30,加拿大,3,2004,2
2980,2004-09-30,加拿大,3.83,2004,3
2981,2004-12-31,加拿大,3.87,2004,4
2982,2005-03-31,加拿大,3.48,2005,1
2983,2005-06-30,加拿大,3.01,2005,2
2984,2005-09-30,加拿大,3.04,2005,3
2985,2005-12-31,加拿大,3.32,2005,4
2986,2006-03-31,加拿大,3.79,2006,1
2987,2006-06-30,加拿大,3.1,2006,2
2988,2006-09-30,加拿大,2.15,2006,3
2989,2006-12-31,加拿大,1.55,2006,4
2990,2007-03-31,加拿大,1.37,2007,1
2991,2007-06-30,加拿大,2.3,2007,2
2992,2007-09-30,加拿大,2.4,2007,3
2993,2007-12-31,加拿大,2.12,2007,4
2994,2008-03-31,加拿大,1.55,2008,1
2995,2008-06-30,加拿大,0.95,2008,2
2996,2008-09-30,加拿大,1.4,2008,3
2997,2008-12-31,加拿大,0.09,2008,4
2998,2009-03-31,加拿大,-2.24,2009,1
2999,2009-06-30,加拿大,-3.65,2009,2
3000,2009-09-30,加拿大,-4.01,2009,3
3001,2009-12-31,加拿大,-1.75,2009,4
3002,2010-03-31,加拿大,1.74,2010,1
3003,2010-06-30,加拿大,3.38,2010,2
3004,2010-09-30,加拿大,3.64,2010,3
3005,2010-12-31,加拿大,3.6,2010,4
3006,2011-03-31,加拿大,3.14,2011,1
3007,2011-06-30,加拿大,2.79,2011,2
3008,2011-09-30,加拿大,3.47,2011,3
3009,2011-12-31,加拿大,3.14,2011,4
3010,2012-03-31,加拿大,2.42,2012,1
3011,2012-06-30,加拿大,2.57,2012,2
3012,2012-09-30,加拿大,1.32,2012,3
3013,2012-12-31,加拿大,0.73,2012,4
3014,2013-03-31,加拿大,1.57,2013,1
3015,2013-06-30,加拿大,1.82,2013,2
3016,2013-09-30,加拿大,2.52,2013,3
3017,2013-12-31,加拿大,3.38,2013,4
3018,2014-03-31,加拿大,2.64,2014,1
3019,2014-06-30,加拿大,2.98,2014,2
3020,2014-09-30,加拿大,3.12,2014,3
3021,2014-12-31,加拿大,2.76,2014,4
3022,2015-03-31,加拿大,2.01,2015,1
3023,2015-06-30,加拿大,0.81,2015,2
3024,2015-09-30,加拿大,0.21,2015,3
3025,2015-12-31,加拿大,-0.41,2015,4
3026,2016-03-31,加拿大,0.74,2016,1
3027,2016-06-30,加拿大,0.52,2016,2
3028,2016-09-30,加拿大,1.2,2016,3
3029,2016-12-31,加拿大,1.7,2016,4
3030,2017-03-31,加拿大,2.37,2017,1
3032,2017-09-30,加拿大,2.93,2017,3
3034,2018-03-31,加拿大,2.78,2018,1
3036,2018-09-30,加拿大,2.99,2018,3
3038,2019-03-31,加拿大,1.77,2019,1
3042,2020-03-31,加拿大,-0.32,2020,1
3046,2021-03-31,加拿大,0.33,2021,1
3050,2022-03-31,加拿大,3.94,2022,1
3327,2014-12-31,俄罗斯,0.927683149643426,2014,4
3328,2015-03-31,俄罗斯,-1.526021207310476,2015,1
3329,2015-06-30,俄罗斯,-3.088915019820782,2015,2
3330,2015-09-30,俄罗斯,-1.699971382000523,2015,3
3331,2015-12-31,俄罗斯,-1.597136250029198,2015,4
3332,2016-03-31,俄罗斯,-0.206455041273056,2016,1
3333,2016-06-30,俄罗斯,0.321325096296695,2016,2
3334,2016-09-30,俄罗斯,0.058542265933781,2016,3
3335,2016-12-31,俄罗斯,0.537953462426339,2016,4
3336,2017-03-31,俄罗斯,1.310013816130332,2017,1
3337,2017-06-30,俄罗斯,2.341242453279013,2017,2
3338,2017-09-30,俄罗斯,2.637920783311617,2017,3
3339,2017-12-31,俄罗斯,1.040341645244975,2017,4
3340,2018-03-31,俄罗斯,2.563064454838286,2018,1
3341,2018-06-30,俄罗斯,2.72898101891561,2018,2
3342,2018-09-30,俄罗斯,2.63390614937588,2018,3
3343,2018-12-31,俄罗斯,3.239026043066282,2018,4
3344,2019-03-31,俄罗斯,1.388533002763215,2019,1
3345,2019-06-30,俄罗斯,1.35756123365987,2019,2
3346,2019-09-30,俄罗斯,2.767461759010463,2019,3
3347,2019-12-31,俄罗斯,3.06950161977111,2019,4
3348,2020-03-31,俄罗斯,1.516031201759539,2020,1
3349,2020-06-30,俄罗斯,-7.31564683170994,2020,2
3350,2020-09-30,俄罗斯,-3.3283377592367,2020,3
3351,2020-12-31,俄罗斯,-1.301421379435291,2020,4
3352,2021-03-31,俄罗斯,0.868649556087107,2021,1
3614,2010-03-31,墨西哥,4.5,2010,1
3615,2010-06-30,墨西哥,7.2,2010,2
3616,2010-09-30,墨西哥,4.7,2010,3
3617,2010-12-31,墨西哥,3.6,2010,4
3618,2011-03-31,墨西哥,3.7,2011,1
3619,2011-06-30,墨西哥,2.5,2011,2
3620,2011-09-30,墨西哥,3.7,2011,3
3621,2011-12-31,墨西哥,3.9,2011,4
3622,2012-03-31,墨西哥,4.9,2012,1
3623,2012-06-30,墨西哥,4.1,2012,2
3624,2012-09-30,墨西哥,2.5,2012,3
3625,2012-12-31,墨西哥,2.8,2012,4
3626,2013-03-31,墨西哥,-0.3,2013,1
3627,2013-06-30,墨西哥,1.7,2013,2
3628,2013-09-30,墨西哥,1,2013,3
3629,2013-12-31,墨西哥,0.9,2013,4
3630,2014-03-31,墨西哥,2.5,2014,1
3631,2014-06-30,墨西哥,1.9,2014,2
3632,2014-09-30,墨西哥,2.6,2014,3
3633,2014-12-31,墨西哥,3,2014,4
3634,2015-03-31,墨西哥,2.9,2015,1
3635,2015-06-30,墨西哥,2.3,2015,2
3636,2015-09-30,墨西哥,3.4,2015,3
3637,2015-12-31,墨西哥,2.2,2015,4
3638,2016-03-31,墨西哥,1.7,2016,1
3639,2016-06-30,墨西哥,2.3,2016,2
3640,2016-09-30,墨西哥,0.9,2016,3
3641,2016-12-31,墨西哥,2.3,2016,4
3642,2017-03-31,墨西哥,3.4,2017,1
3643,2017-06-30,墨西哥,1.5,2017,2
3644,2017-09-30,墨西哥,1.2,2017,3
3645,2017-12-31,墨西哥,1.4,2017,4
3646,2018-03-31,墨西哥,1.1,2018,1
3647,2018-06-30,墨西哥,2.9,2018,2
3648,2018-09-30,墨西哥,2.8,2018,3
3649,2018-12-31,墨西哥,1.1,2018,4
3650,2019-03-31,墨西哥,0.9,2019,1
3651,2019-06-30,墨西哥,-1,2019,2
3652,2019-09-30,墨西哥,-0.5,2019,3
3653,2019-12-31,墨西哥,-1,2019,4
3654,2020-03-31,墨西哥,-1.4,2020,1
3655,2020-06-30,墨西哥,-20.3,2020,2
3656,2020-09-30,墨西哥,-8.1,2020,3
3657,2020-12-31,墨西哥,-3.5,2020,4
3658,2021-03-31,墨西哥,-2.6,2021,1
3659,2021-06-30,墨西哥,22.7,2021,2
3660,2021-09-30,墨西哥,5.1,2021,3
3661,2021-12-31,墨西哥,1.9,2021,4
3662,2022-03-31,墨西哥,2.7,2022,1
3663,2022-06-30,墨西哥,3,2022,2
3664,2022-09-30,墨西哥,4.7,2022,3
3860,1995-03-31,澳大利亚,3.06,1995,1
3861,1995-06-30,澳大利亚,2.28,1995,2
3862,1995-09-30,澳大利亚,3.77,1995,3
3863,1995-12-31,澳大利亚,2.73,1995,4
3890,2002-09-30,澳大利亚,4.05,2002,3
3891,2002-12-31,澳大利亚,3.62,2002,4
3892,2003-03-31,澳大利亚,3.04,2003,1
3893,2003-06-30,澳大利亚,1.71,2003,2
3894,2003-09-30,澳大利亚,3.15,2003,3
3895,2003-12-31,澳大利亚,4.1,2003,4
3896,2004-03-31,澳大利亚,4.68,2004,1
3897,2004-06-30,澳大利亚,4.95,2004,2
3898,2004-09-30,澳大利亚,3.95,2004,3
3901,2005-06-30,澳大利亚,2.76,2005,2
3905,2006-06-30,澳大利亚,2.24,2006,2
3907,2006-12-31,澳大利亚,3.11,2006,4
3908,2007-03-31,澳大利亚,4.44,2007,1
3909,2007-06-30,澳大利亚,4.86,2007,2
3910,2007-09-30,澳大利亚,4.51,2007,3
3911,2007-12-31,澳大利亚,3.67,2007,4
3912,2008-03-31,澳大利亚,3.27,2008,1
3914,2008-09-30,澳大利亚,2.48,2008,3
3915,2008-12-31,澳大利亚,1.61,2008,4
3916,2009-03-31,澳大利亚,1.55,2009,1
3919,2009-12-31,澳大利亚,2.82,2009,4
3921,2010-06-30,澳大利亚,2.22,2010,2
3922,2010-09-30,澳大利亚,2.58,2010,3
3923,2010-12-31,澳大利亚,2.65,2010,4
3926,2011-09-30,澳大利亚,3.23,2011,3
3927,2011-12-31,澳大利亚,3.42,2011,4
3930,2012-09-30,澳大利亚,3.41,2012,3
3941,2015-06-30,澳大利亚,1.9,2015,2
3942,2015-09-30,澳大利亚,2.49,2015,3
3944,2016-03-31,澳大利亚,2.68,2016,1
3946,2016-09-30,澳大利亚,2.23,2016,3
3947,2016-12-31,澳大利亚,2.74,2016,4
3948,2017-03-31,澳大利亚,2.18,2017,1
3949,2017-06-30,澳大利亚,2.13,2017,2
3950,2017-09-30,澳大利亚,3.02,2017,3
3951,2017-12-31,澳大利亚,2.35,2017,4
3952,2018-03-31,澳大利亚,3.06,2018,1
3953,2018-06-30,澳大利亚,3.19,2018,2
3954,2018-09-30,澳大利亚,2.67,2018,3
3955,2018-12-31,澳大利亚,2.48,2018,4
3956,2019-03-31,澳大利亚,2.01,2019,1
3957,2019-06-30,澳大利亚,1.58,2019,2
3958,2019-09-30,澳大利亚,1.71,2019,3
3959,2019-12-31,澳大利亚,1.96,2019,4
3960,2020-03-31,澳大利亚,1.17,2020,1
3961,2020-06-30,澳大利亚,-6.12,2020,2
3963,2020-12-31,澳大利亚,-0.35,2020,4
3967,2021-12-31,澳大利亚,5.14,2021,4
3968,2022-03-31,澳大利亚,3.69,2022,1
3969,2022-06-30,澳大利亚,3.64,2022,2
3970,2022-09-30,澳大利亚,5.71,2022,3
4190,2001-03-31,韩国,5.03,2001,1
4191,2001-06-30,韩国,4.99,2001,2
4192,2001-09-30,韩国,3.49,2001,3
4193,2001-12-31,韩国,5.41,2001,4
4194,2002-03-31,韩国,7.27,2002,1
4195,2002-06-30,韩国,7.69,2002,2
4196,2002-09-30,韩国,8.31,2002,3
4197,2002-12-31,韩国,7.7,2002,4
4198,2003-03-31,韩国,4.21,2003,1
4199,2003-06-30,韩国,2.33,2003,2
4200,2003-09-30,韩国,2.07,2003,3
4201,2003-12-31,韩国,3.7,2003,4
4202,2004-03-31,韩国,5.74,2004,1
4203,2004-06-30,韩国,6.55,2004,2
4204,2004-09-30,韩国,5.14,2004,3
4205,2004-12-31,韩国,3.37,2004,4
4206,2005-03-31,韩国,2.87,2005,1
4207,2005-06-30,韩国,3.94,2005,2
4208,2005-09-30,韩国,5.13,2005,3
4209,2005-12-31,韩国,5.47,2005,4
4210,2006-03-31,韩国,6.15,2006,1
4211,2006-06-30,韩国,4.95,2006,2
4212,2006-09-30,韩国,5.12,2006,3
4213,2006-12-31,韩国,4.79,2006,4
4214,2007-03-31,韩国,4.98,2007,1
4215,2007-06-30,韩国,5.99,2007,2
4216,2007-09-30,韩国,5.59,2007,3
4217,2007-12-31,韩国,6.78,2007,4
4218,2008-03-31,韩国,5.71,2008,1
4219,2008-06-30,韩国,4.33,2008,2
4220,2008-09-30,韩国,3.8,2008,3
4221,2008-12-31,韩国,-1.64,2008,4
4222,2009-03-31,韩国,-2.12,2009,1
4223,2009-06-30,韩国,-1.16,2009,2
4224,2009-09-30,韩国,1.19,2009,3
4225,2009-12-31,韩国,5.49,2009,4
4226,2010-03-31,韩国,7.67,2010,1
4227,2010-06-30,韩国,7.95,2010,2
4228,2010-09-30,韩国,5.82,2010,3
4229,2010-12-31,韩国,6.54,2010,4
4230,2011-03-31,韩国,5.09,2011,1
4231,2011-06-30,韩国,3.87,2011,2
4232,2011-09-30,韩国,3.3,2011,3
4233,2011-12-31,韩国,2.55,2011,4
4234,2012-03-31,韩国,2.55,2012,1
4235,2012-06-30,韩国,2.53,2012,2
4236,2012-09-30,韩国,2.52,2012,3
4237,2012-12-31,韩国,2.59,2012,4
4238,2013-03-31,韩国,2.43,2013,1
4239,2013-06-30,韩国,3.15,2013,2
4240,2013-09-30,韩国,3.72,2013,3
4241,2013-12-31,韩国,3.86,2013,4
4242,2014-03-31,韩国,3.83,2014,1
4243,2014-06-30,韩国,3.64,2014,2
4244,2014-09-30,韩国,2.88,2014,3
4245,2014-12-31,韩国,2.53,2014,4
4246,2015-03-31,韩国,2.63,2015,1
4247,2015-06-30,韩国,2.1,2015,2
4248,2015-09-30,韩国,3.35,2015,3
4249,2015-12-31,韩国,3.6,2015,4
4250,2016-03-31,韩国,3.1,2016,1
4251,2016-06-30,韩国,3.95,2016,2
4252,2016-09-30,韩国,2.83,2016,3
4253,2016-12-31,韩国,2.83,2016,4
4254,2017-03-31,韩国,3.58,2017,1
4255,2017-06-30,韩国,3.05,2017,2
4256,2017-09-30,韩国,4.07,2017,3
4257,2017-12-31,韩国,3.04,2017,4
4258,2018-03-31,韩国,3.38,2018,1
4259,2018-06-30,韩国,3.42,2018,2
4260,2018-09-30,韩国,2.55,2018,3
4261,2018-12-31,韩国,3.37,2018,4
4262,2019-03-31,韩国,1.94,2019,1
4263,2019-06-30,韩国,2.49,2019,2
4264,2019-09-30,韩国,2.18,2019,3
4265,2019-12-31,韩国,2.63,2019,4
4266,2020-03-31,韩国,1.25,2020,1
4267,2020-06-30,韩国,-2.82,2020,2
4268,2020-09-30,韩国,-0.88,2020,3
4269,2020-12-31,韩国,-0.33,2020,4
4270,2021-03-31,韩国,2.53,2021,1
4271,2021-06-30,韩国,6.84,2021,2
4272,2021-09-30,韩国,4.56,2021,3
4273,2021-12-31,韩国,4.58,2021,4
4274,2022-03-31,韩国,3.49,2022,1
4275,2022-06-30,韩国,2.93,2022,2
4276,2022-09-30,韩国,3.3,2022,3
4496,2001-03-31,西班牙,4.5,2001,1
4497,2001-06-30,西班牙,4,2001,2
4498,2001-09-30,西班牙,3.8,2001,3
4499,2001-12-31,西班牙,3.5,2001,4
4500,2002-03-31,西班牙,2.8,2002,1
4501,2002-06-30,西班牙,2.9,2002,2
4502,2002-09-30,西班牙,2.6,2002,3
4503,2002-12-31,西班牙,2.6,2002,4
4504,2003-03-31,西班牙,3.2,2003,1
4505,2003-06-30,西班牙,2.9,2003,2
4506,2003-09-30,西班牙,2.9,2003,3
4507,2003-12-31,西班牙,3,2003,4
4508,2004-03-31,西班牙,2.7,2004,1
4509,2004-06-30,西班牙,3.1,2004,2
4510,2004-09-30,西班牙,3.4,2004,3
4511,2004-12-31,西班牙,3.2,2004,4
4512,2005-03-31,西班牙,3.6,2005,1
4513,2005-06-30,西班牙,3.5,2005,2
4514,2005-09-30,西班牙,3.6,2005,3
4515,2005-12-31,西班牙,3.9,2005,4
4516,2006-03-31,西班牙,4.1,2006,1
4517,2006-06-30,西班牙,4.2,2006,2
4518,2006-09-30,西班牙,4.1,2006,3
4519,2006-12-31,西班牙,4.1,2006,4
4520,2007-03-31,西班牙,3.8,2007,1
4521,2007-06-30,西班牙,3.8,2007,2
4522,2007-09-30,西班牙,3.6,2007,3
4523,2007-12-31,西班牙,3.3,2007,4
4524,2008-03-31,西班牙,2.5,2008,1
4525,2008-06-30,西班牙,1.7,2008,2
4526,2008-09-30,西班牙,0.8,2008,3
4527,2008-12-31,西班牙,-1.5,2008,4
4528,2009-03-31,西班牙,-4.2,2009,1
4529,2009-06-30,西班牙,-4.4,2009,2
4530,2009-09-30,西班牙,-4,2009,3
4531,2009-12-31,西班牙,-2.4,2009,4
4532,2010-03-31,西班牙,0.2,2010,1
4533,2010-06-30,西班牙,0.3,2010,2
4534,2010-09-30,西班牙,0.1,2010,3
4535,2010-12-31,西班牙,0.1,2010,4
4536,2011-03-31,西班牙,0,2011,1
4537,2011-06-30,西班牙,-0.5,2011,2
4538,2011-09-30,西班牙,-1.1,2011,3
4539,2011-12-31,西班牙,-1.8,2011,4
4540,2012-03-31,西班牙,-2.5,2012,1
4541,2012-06-30,西班牙,-3.2,2012,2
4542,2012-09-30,西班牙,-3,2012,3
4543,2012-12-31,西班牙,-3.1,2012,4
4544,2013-03-31,西班牙,-2.5,2013,1
4545,2013-06-30,西班牙,-1.6,2013,2
4546,2013-09-30,西班牙,-1.2,2013,3
4547,2013-12-31,西班牙,-0.3,2013,4
4548,2014-03-31,西班牙,0.4,2014,1
4549,2014-06-30,西班牙,1,2014,2
4550,2014-09-30,西班牙,1.7,2014,3
4551,2014-12-31,西班牙,2.5,2014,4
4552,2015-03-31,西班牙,3.2,2015,1
4553,2015-06-30,西班牙,3.9,2015,2
4554,2015-09-30,西班牙,4.1,2015,3
4555,2015-12-31,西班牙,4.2,2015,4
4556,2016-03-31,西班牙,3.7,2016,1
4557,2016-06-30,西班牙,3,2016,2
4558,2016-09-30,西班牙,3,2016,3
4559,2016-12-31,西班牙,2.5,2016,4
4560,2017-03-31,西班牙,2.6,2017,1
4561,2017-06-30,西班牙,3.2,2017,2
4562,2017-09-30,西班牙,3,2017,3
4563,2017-12-31,西班牙,3,2017,4
4564,2018-03-31,西班牙,2.6,2018,1
4565,2018-06-30,西班牙,2.2,2018,2
4566,2018-09-30,西班牙,2.1,2018,3
4567,2018-12-31,西班牙,2.2,2018,4
4568,2019-03-31,西班牙,2.4,2019,1
4569,2019-06-30,西班牙,2.2,2019,2
4570,2019-09-30,西班牙,1.9,2019,3
4571,2019-12-31,西班牙,1.5,2019,4
4572,2020-03-31,西班牙,-4.6,2020,1
4573,2020-06-30,西班牙,-21.7,2020,2
4574,2020-09-30,西班牙,-9.2,2020,3
4575,2020-12-31,西班牙,-9.2,2020,4
4576,2021-03-31,西班牙,-3.6,2021,1
4577,2021-06-30,西班牙,19.4,2021,2
4578,2021-09-30,西班牙,5.1,2021,3
4579,2021-12-31,西班牙,7,2021,4
4580,2022-03-31,西班牙,6.8,2022,1
4581,2022-06-30,西班牙,7.2,2022,2
5121,2004-06-30,荷兰,2,2004,2
5122,2004-09-30,荷兰,2.2,2004,3
5123,2004-12-31,荷兰,1.8,2004,4
5124,2005-03-31,荷兰,1.1,2005,1
5125,2005-06-30,荷兰,1.5,2005,2
5126,2005-09-30,荷兰,2.6,2005,3
5127,2005-12-31,荷兰,3.1,2005,4
5128,2006-03-31,荷兰,3.4,2006,1
5129,2006-06-30,荷兰,4.2,2006,2
5130,2006-09-30,荷兰,3.4,2006,3
5131,2006-12-31,荷兰,3.6,2006,4
5132,2007-03-31,荷兰,4.2,2007,1
5133,2007-06-30,荷兰,3.2,2007,2
5134,2007-09-30,荷兰,3.8,2007,3
5135,2007-12-31,荷兰,4.4,2007,4
5136,2008-03-31,荷兰,3.9,2008,1
5137,2008-06-30,荷兰,3.4,2008,2
5138,2008-09-30,荷兰,2,2008,3
5139,2008-12-31,荷兰,-0.6,2008,4
5140,2009-03-31,荷兰,-3.5,2009,1
5141,2009-06-30,荷兰,-4.5,2009,2
5142,2009-09-30,荷兰,-4.2,2009,3
5143,2009-12-31,荷兰,-2.5,2009,4
5144,2010-03-31,荷兰,-0.2,2010,1
5145,2010-06-30,荷兰,1.7,2010,2
5146,2010-09-30,荷兰,1.7,2010,3
5147,2010-12-31,荷兰,1.9,2010,4
5148,2011-03-31,荷兰,3,2011,1
5149,2011-06-30,荷兰,2,2011,2
5150,2011-09-30,荷兰,1.8,2011,3
5151,2011-12-31,荷兰,0.4,2011,4
5152,2012-03-31,荷兰,-0.8,2012,1
5153,2012-06-30,荷兰,-0.8,2012,2
5154,2012-09-30,荷兰,-1.1,2012,3
5155,2012-12-31,荷兰,-1.2,2012,4
5156,2013-03-31,荷兰,-1.1,2013,1
5157,2013-06-30,荷兰,-0.6,2013,2
5158,2013-09-30,荷兰,0.3,2013,3
5159,2013-12-31,荷兰,1.5,2013,4
5160,2014-03-31,荷兰,1.8,2014,1
5161,2014-06-30,荷兰,1.7,2014,2
5162,2014-09-30,荷兰,1.1,2014,3
5163,2014-12-31,荷兰,1.9,2014,4
5164,2015-03-31,荷兰,2,2015,1
5165,2015-06-30,荷兰,2.2,2015,2
5166,2015-09-30,荷兰,2.7,2015,3
5167,2015-12-31,荷兰,1.5,2015,4
5168,2016-03-31,荷兰,1.8,2016,1
5169,2016-06-30,荷兰,2.1,2016,2
5170,2016-09-30,荷兰,2.6,2016,3
5171,2016-12-31,荷兰,3.2,2016,4
5172,2017-03-31,荷兰,3.1,2017,1
5173,2017-06-30,荷兰,2.8,2017,2
5174,2017-09-30,荷兰,2.7,2017,3
5175,2017-12-31,荷兰,2.5,2017,4
5176,2018-03-31,荷兰,2.6,2018,1
5177,2018-06-30,荷兰,2.6,2018,2
5178,2018-09-30,荷兰,2.1,2018,3
5179,2018-12-31,荷兰,1.7,2018,4
5180,2019-03-31,荷兰,2.2,2019,1
5181,2019-06-30,荷兰,2.2,2019,2
5182,2019-09-30,荷兰,2.5,2019,3
5183,2019-12-31,荷兰,2.3,2019,4
5184,2020-03-31,荷兰,-0.1,2020,1
5185,2020-06-30,荷兰,-8.8,2020,2
5186,2020-09-30,荷兰,-3.3,2020,3
5187,2020-12-31,荷兰,-3,2020,4
5188,2021-03-31,荷兰,-1.1,2021,1
5189,2021-06-30,荷兰,12.2,2021,2
5190,2021-09-30,荷兰,7.3,2021,3
5191,2021-12-31,荷兰,7,2021,4
5192,2022-03-31,荷兰,7.1,2022,1
5193,2022-06-30,荷兰,5.8,2022,2
5460,2012-09-30,土耳其,4,2012,3
5461,2012-12-31,土耳其,4.2,2012,4
5462,2013-03-31,土耳其,8.3,2013,1
5463,2013-06-30,土耳其,9.5,2013,2
5464,2013-09-30,土耳其,9.2,2013,3
5466,2014-03-31,土耳其,7.7,2014,1
5468,2014-09-30,土耳其,3.9,2014,3
5470,2015-03-31,土耳其,4.1,2015,1
5472,2015-09-30,土耳其,6.3,2015,3
5474,2016-03-31,土耳其,4.5,2016,1
5476,2016-09-30,土耳其,0,2016,3
5478,2017-03-31,土耳其,5.4,2017,1
5480,2017-09-30,土耳其,11.1,2017,3
5482,2018-03-31,土耳其,7.1,2018,1
5483,2018-06-30,土耳其,5.4,2018,2
5484,2018-09-30,土耳其,2.8,2018,3
5485,2018-12-31,土耳其,-2.6,2018,4
5486,2019-03-31,土耳其,-2.3,2019,1
5487,2019-06-30,土耳其,-0.7,2019,2
5488,2019-09-30,土耳其,0.8,2019,3
5489,2019-12-31,土耳其,5.8,2019,4
5490,2020-03-31,土耳其,4.4,2020,1
5492,2020-09-30,土耳其,5.5,2020,3
5496,2021-09-30,土耳其,9.1,2021,3
5499,2022-06-30,土耳其,7,2022,2
6356,2007-03-31,波兰,7,2007,1
6357,2007-06-30,波兰,6,2007,2
6358,2007-09-30,波兰,6.1,2007,3
6359,2007-12-31,波兰,9.1,2007,4
6360,2008-03-31,波兰,5.9,2008,1
6361,2008-06-30,波兰,5.2,2008,2
6362,2008-09-30,波兰,3.4,2008,3
6363,2008-12-31,波兰,2.2,2008,4
6364,2009-03-31,波兰,2.2,2009,1
6365,2009-06-30,波兰,1.8,2009,2
6366,2009-09-30,波兰,2.5,2009,3
6367,2009-12-31,波兰,4,2009,4
6368,2010-03-31,波兰,2,2010,1
6369,2010-06-30,波兰,3.3,2010,2
6370,2010-09-30,波兰,3.7,2010,3
6371,2010-12-31,波兰,3.3,2010,4
6372,2011-03-31,波兰,5.3,2011,1
6373,2011-06-30,波兰,5.1,2011,2
6374,2011-09-30,波兰,5.1,2011,3
6375,2011-12-31,波兰,4.8,2011,4
6376,2012-03-31,波兰,3.5,2012,1
6377,2012-06-30,波兰,2.1,2012,2
6378,2012-09-30,波兰,1,2012,3
6379,2012-12-31,波兰,0.1,2012,4
6380,2013-03-31,波兰,-0.4,2013,1
6381,2013-06-30,波兰,0.6,2013,2
6382,2013-09-30,波兰,1.3,2013,3
6383,2013-12-31,波兰,1.9,2013,4
6384,2014-03-31,波兰,3.4,2014,1
6385,2014-06-30,波兰,3.7,2014,2
6386,2014-09-30,波兰,3.8,2014,3
6387,2014-12-31,波兰,4.1,2014,4
6388,2015-03-31,波兰,4.4,2015,1
6389,2015-06-30,波兰,3.9,2015,2
6390,2015-09-30,波兰,4.4,2015,3
6391,2015-12-31,波兰,4.4,2015,4
6392,2016-03-31,波兰,2.5,2016,1
6393,2016-06-30,波兰,3.4,2016,2
6394,2016-09-30,波兰,2.7,2016,3
6395,2016-12-31,波兰,3.8,2016,4
6396,2017-03-31,波兰,5.3,2017,1
6397,2017-06-30,波兰,4.8,2017,2
6398,2017-09-30,波兰,5.7,2017,3
6399,2017-12-31,波兰,5.1,2017,4
6400,2018-03-31,波兰,5.8,2018,1
6401,2018-06-30,波兰,6.2,2018,2
6402,2018-09-30,波兰,6,2018,3
6403,2018-12-31,波兰,5.5,2018,4
6404,2019-03-31,波兰,5.1,2019,1
6405,2019-06-30,波兰,4.6,2019,2
6406,2019-09-30,波兰,4.1,2019,3
6407,2019-12-31,波兰,3.8,2019,4
6408,2020-03-31,波兰,3,2020,1
6409,2020-06-30,波兰,-7.2,2020,2
6410,2020-09-30,波兰,-1.7,2020,3
6411,2020-12-31,波兰,-2.2,2020,4
6412,2021-03-31,波兰,-0.7,2021,1
6413,2021-06-30,波兰,12.2,2021,2
6414,2021-09-30,波兰,7.2,2021,3
6415,2021-12-31,波兰,9.3,2021,4
6416,2022-03-31,波兰,10.5,2022,1
6417,2022-06-30,波兰,6.8,2022,2
